File ID	File Name	Data Category	Data Type	Project ID	Case ID	Sample ID	Sample Type
be4594a8-d69d-491d-8186-142dab41a134	7b8241de-5a2c-4f85-9c0e-d011a23fbe2b.FPKM.txt.gz	Transcriptome Profiling	Gene Expression Quantification	CPTAC-3	C3L-01051	C3L-01051-02	Primary Tumor
90f3ec2e-2208-43c2-a7fc-ce06c6436bc7	17042989-2797-44e7-8953-d31ce7dca0e9.FPKM.txt.gz	Transcriptome Profiling	Gene Expression Quantification	CPTAC-3	C3L-01453	C3L-01453-03	Primary Tumor
90c88ceb-de99-4c34-bcf2-4f140ac485f9	ca1b8088-388d-4274-b319-64d2a12a7cf7.FPKM.txt.gz	Transcriptome Profiling	Gene Expression Quantification	CPTAC-3	C3N-00514, C3N-00514	C3N-00514-02, C3N-00514-01	Primary Tumor, Primary Tumor
bf2273fe-cb16-4026-943f-d976123bbd71	5284346b-86bf-4660-b374-f6cfa847547e.FPKM.txt.gz	Transcriptome Profiling	Gene Expression Quantification	CPTAC-3	C3L-04072	C3L-04072-01	Primary Tumor
cfdbf958-550f-4f4c-88ff-4caf3fdaa82a	c2fd4d3a-d8c7-458f-9349-1a0fdbb5ad43.FPKM.txt.gz	Transcriptome Profiling	Gene Expression Quantification	CPTAC-3	C3N-03007	C3N-03007-02	Primary Tumor
14607dd3-e2b7-48d1-9c05-1c2df9c82a78	de24d923-f53d-4b2c-8d79-a5973180cf30.FPKM.txt.gz	Transcriptome Profiling	Gene Expression Quantification	CPTAC-3	C3L-02899	C3L-02899-01	Primary Tumor
6ed3c298-bfab-4e70-84c3-122459da1951	144ab92b-42c6-4783-a0f6-8751fec0f2e9.FPKM.txt.gz	Transcriptome Profiling	Gene Expression Quantification	CPTAC-3	C3N-04126, C3N-04126	C3N-04126-01, C3N-04126-02	Primary Tumor, Primary Tumor
be384cc1-b850-400c-94d8-dce730c5579c	d88358d4-6414-4322-80c5-97878300d88a.FPKM.txt.gz	Transcriptome Profiling	Gene Expression Quantification	CPTAC-3	C3N-01165, C3N-01165	C3N-01165-02, C3N-01165-03	Primary Tumor, Primary Tumor
874f414a-0377-4333-90fd-4a24623d994b	c3776fa0-ee48-4ec9-a9b4-ca1802e60720.FPKM.txt.gz	Transcriptome Profiling	Gene Expression Quantification	CPTAC-3	C3N-03426	C3N-03426-01	Primary Tumor
073fef56-deeb-47cd-8747-ad5ad93ef283	1c0ab0ff-bb28-4590-b3c5-007997f5d08e.FPKM.txt.gz	Transcriptome Profiling	Gene Expression Quantification	CPTAC-3	C3L-03395	C3L-03395-02	Primary Tumor
7b7ee76e-a01c-458a-9ff5-ff24fc54da13	d93b3d59-4715-4627-ab3d-addba7c89ee1.FPKM.txt.gz	Transcriptome Profiling	Gene Expression Quantification	CPTAC-3	C3N-00436	C3N-00436-01	Primary Tumor
ca6fb8e5-65c3-45fb-a398-6d82f5b743ce	0f131e8a-0d87-423d-9ee9-eb65cffc80bb.FPKM.txt.gz	Transcriptome Profiling	Gene Expression Quantification	CPTAC-3	C3L-00819	C3L-00819-06	Solid Tissue Normal
fcf4a84e-4621-4008-b496-200411028ed1	36e96206-6f09-4d10-890f-227feedd305e.FPKM.txt.gz	Transcriptome Profiling	Gene Expression Quantification	CPTAC-3	C3L-07032	C3L-07032-01	Solid Tissue Normal
80720aa8-c7a5-4c14-a8a7-68f49be48a1f	87e0138e-7c20-40c5-ad5e-b910b7f0e213.FPKM.txt.gz	Transcriptome Profiling	Gene Expression Quantification	CPTAC-3	C3L-02463, C3L-02463	C3L-02463-02, C3L-02463-01	Primary Tumor, Primary Tumor
eab6f936-ee9a-4a4d-bea5-cdc69488fb83	ebfc863f-4f81-4dfe-a53b-fbd030dafe37.FPKM.txt.gz	Transcriptome Profiling	Gene Expression Quantification	CPTAC-3	C3N-03211, C3N-03211	C3N-03211-02, C3N-03211-01	Primary Tumor, Primary Tumor
f471850f-72cc-46ae-a178-b0a056e18a86	9acfac99-20d4-4807-bc78-9324f03f9c05.FPKM.txt.gz	Transcriptome Profiling	Gene Expression Quantification	CPTAC-3	C3N-03853, C3N-03853	C3N-03853-02, C3N-03853-01	Primary Tumor, Primary Tumor
7f961111-3e77-4072-b5b3-4e4f871ff03c	27cfb5e5-5f5b-43cd-b70a-3f8513e81ab8.FPKM.txt.gz	Transcriptome Profiling	Gene Expression Quantification	CPTAC-3	C3N-03440	C3N-03440-01	Primary Tumor
9e494174-ca61-4495-89b7-eb51997991af	c1df4d36-2d8a-4022-a304-4b612d8a92a5.FPKM.txt.gz	Transcriptome Profiling	Gene Expression Quantification	CPTAC-3	C3N-02589	C3N-02589-01	Primary Tumor
09ef35ba-c2de-4058-8e11-e47b63eef136	53580534-ea8b-4346-93ed-3d454d1f366c.FPKM.txt.gz	Transcriptome Profiling	Gene Expression Quantification	CPTAC-3	C3L-02809	C3L-02809-06	Solid Tissue Normal
1c554e3a-5222-4a45-961d-09681d1a959e	ede478f2-f60d-4d60-ab59-a1edd4a0faa7.FPKM.txt.gz	Transcriptome Profiling	Gene Expression Quantification	CPTAC-3	C3N-00517	C3N-00517-01	Primary Tumor
91de130c-7024-4237-96a5-aa9cecb44e6a	e94f62d1-d016-41a6-a8b8-95ad325f0902.FPKM.txt.gz	Transcriptome Profiling	Gene Expression Quantification	CPTAC-3	C3N-02589	C3N-02589-03	Solid Tissue Normal
fd136710-994b-4804-93a7-459dfc7805d5	0e7c1c43-35f8-4b62-a4b8-b1ac8a197983.FPKM.txt.gz	Transcriptome Profiling	Gene Expression Quantification	CPTAC-3	C3N-00709	C3N-00709-01	Primary Tumor
53ef3511-5948-40d1-9732-7cb9a68464b2	19566fb9-4846-48ca-91a3-072cb5b916ac.FPKM.txt.gz	Transcriptome Profiling	Gene Expression Quantification	CPTAC-3	C3L-00277	C3L-00277-03	Primary Tumor
e1ba5d5c-775b-43c7-8351-9ce87a232a00	c56914a9-7024-46cd-b99d-26e452759db4.FPKM.txt.gz	Transcriptome Profiling	Gene Expression Quantification	CPTAC-3	C3L-07034	C3L-07034-01	Solid Tissue Normal
33c8ce08-cf8c-4f71-8927-f9e222180776	e72771f8-7ab0-41c6-acce-068cac70743a.FPKM.txt.gz	Transcriptome Profiling	Gene Expression Quantification	CPTAC-3	C3L-04072	C3L-04072-06	Solid Tissue Normal
f91efdd7-64b9-41e3-b90c-f2f49e72424e	191c17d4-ef95-4d18-8b8f-e582a8e0c2c9.FPKM.txt.gz	Transcriptome Profiling	Gene Expression Quantification	CPTAC-3	C3N-01375, C3N-01375	C3N-01375-02, C3N-01375-03	Primary Tumor, Primary Tumor
ecea9da1-ca39-4c38-88c2-9ea8f407cf70	52e41e1e-54c2-4ea0-9694-65739c5e9636.FPKM.txt.gz	Transcriptome Profiling	Gene Expression Quantification	HCMI-CMDC	HCM-CSHL-0089-C25	HCM-CSHL-0089-C25-85M	Next Generation Cancer Model
e1b218b6-c71e-41d8-aef8-0a14900864ee	36c2c6ce-9e9b-47dd-84e7-9f91cc777fca.FPKM.txt.gz	Transcriptome Profiling	Gene Expression Quantification	HCMI-CMDC	HCM-BROD-0229-C25	HCM-BROD-0229-C25-85A	Next Generation Cancer Model
5355d419-2c59-43d7-815e-e29b7a9329eb	dd940b8a-1b4a-4b39-a023-3b9605a3eae6.FPKM.txt.gz	Transcriptome Profiling	Gene Expression Quantification	HCMI-CMDC	HCM-CSHL-0073-C25	HCM-CSHL-0073-C25-01B	Primary Tumor
d1389ab5-8e00-46c9-b1fb-8c9538794fe4	9b747eef-8b35-4158-aa35-8e361475ecb0.FPKM.txt.gz	Transcriptome Profiling	Gene Expression Quantification	HCMI-CMDC	HCM-BROD-0124-C25	HCM-BROD-0124-C25-85A	Next Generation Cancer Model
c2be038f-5ab0-4fe3-9739-8fdc7e70559d	70c9cff8-2799-424d-b5de-a38516c2b396.FPKM.txt.gz	Transcriptome Profiling	Gene Expression Quantification	HCMI-CMDC	HCM-CSHL-0079-C25	HCM-CSHL-0079-C25-85A	Next Generation Cancer Model
a5e3a89a-f53c-46ab-a4f0-385fd5004dfb	ec2d4470-9ca8-453c-b3ae-93f8d2d52d2d.FPKM.txt.gz	Transcriptome Profiling	Gene Expression Quantification	HCMI-CMDC	HCM-CSHL-0091-C25	HCM-CSHL-0091-C25-01A	Primary Tumor
1b1e0b15-6e38-4e57-8aa0-875a98251013	335df899-015d-4699-8c81-6ee50138581d.FPKM.txt.gz	Transcriptome Profiling	Gene Expression Quantification	HCMI-CMDC	HCM-CSHL-0073-C25	HCM-CSHL-0073-C25-85B	Next Generation Cancer Model
2428f3bf-0c50-40ae-a3a9-d3b982484df7	5c749e48-0666-42ff-9ecb-2d9834faa633.FPKM.txt.gz	Transcriptome Profiling	Gene Expression Quantification	HCMI-CMDC	HCM-BROD-0009-C25	HCM-BROD-0009-C25-85A	Next Generation Cancer Model
653ecdb5-5212-4a82-88ce-4d9a55267820	6ab57eac-8c27-4946-8997-fbac587625b8.FPKM.txt.gz	Transcriptome Profiling	Gene Expression Quantification	HCMI-CMDC	HCM-CSHL-0090-C25	HCM-CSHL-0090-C25-01A	Primary Tumor
6a8e84dc-306b-4752-95d7-d653fe91f3a3	f748bf78-4dc1-47ad-8611-8186479d3e4b.FPKM.txt.gz	Transcriptome Profiling	Gene Expression Quantification	TCGA-PAAD	TCGA-HV-AA8V	TCGA-HV-AA8V-01A	Primary Tumor
47f909a0-cf27-4044-86ae-0970427ef5ac	7b11a93d-fde2-4779-b4ab-502480a4c6ed.FPKM.txt.gz	Transcriptome Profiling	Gene Expression Quantification	TCGA-PAAD	TCGA-XN-A8T5	TCGA-XN-A8T5-01A	Primary Tumor
c7e92018-cd0d-43aa-873a-81633af59e5e	feb22766-4282-47c8-bfe2-7d020b4a15d4.FPKM.txt.gz	Transcriptome Profiling	Gene Expression Quantification	TCGA-PAAD	TCGA-Q3-A5QY	TCGA-Q3-A5QY-01A	Primary Tumor
d487e6f4-f5f3-4c67-b3a0-1e6ef57f4223	e8924790-8df6-40ed-be0d-2c74d8c2d974.FPKM.txt.gz	Transcriptome Profiling	Gene Expression Quantification	TCGA-PAAD	TCGA-IB-AAUO	TCGA-IB-AAUO-01A	Primary Tumor
a687b21e-15eb-42f2-9c54-86c8403f405b	26a18ff4-ac77-47e8-9ef8-da442ac1325d.FPKM.txt.gz	Transcriptome Profiling	Gene Expression Quantification	TCGA-PAAD	TCGA-H8-A6C1	TCGA-H8-A6C1-01A	Primary Tumor
64c77d2c-92b0-40a2-8dd2-11ba28efef2e	5047576e-f3de-4244-8f47-f78bc1c10c22.FPKM.txt.gz	Transcriptome Profiling	Gene Expression Quantification	TCGA-PAAD	TCGA-F2-7276	TCGA-F2-7276-01A	Primary Tumor
9a44db20-bc43-40a1-bb7b-0c8641354901	c71dcbec-be8f-4246-b009-25294c19ed66.FPKM.txt.gz	Transcriptome Profiling	Gene Expression Quantification	TCGA-PAAD	TCGA-2J-AABT	TCGA-2J-AABT-01A	Primary Tumor
bd5e11cf-e1ac-456c-a3fe-2f62ee2fc536	49895f4a-72ac-4d5e-ba56-8c8bb5de4758.FPKM.txt.gz	Transcriptome Profiling	Gene Expression Quantification	TCGA-PAAD	TCGA-IB-AAUS	TCGA-IB-AAUS-01A	Primary Tumor
101e042e-efa2-4c6c-b629-55ecbde859d2	3de80dcb-4ff2-4125-b8e6-9e06ec1cd833.FPKM.txt.gz	Transcriptome Profiling	Gene Expression Quantification	TCGA-PAAD	TCGA-H6-8124	TCGA-H6-8124-11A	Solid Tissue Normal
6c81d77d-26e7-41af-a387-2ee48ba12ed9	30de5f0b-3c3e-4120-b2bd-9204214341fc.FPKM.txt.gz	Transcriptome Profiling	Gene Expression Quantification	TCGA-PAAD	TCGA-XD-AAUG	TCGA-XD-AAUG-01A	Primary Tumor
775442b2-b10c-45ca-9edd-d39167dfc28a	b14ad58e-4740-4c4f-83ff-7535efe6a055.FPKM.txt.gz	Transcriptome Profiling	Gene Expression Quantification	TCGA-PAAD	TCGA-2L-AAQL	TCGA-2L-AAQL-01A	Primary Tumor
7ff88919-3355-442f-8771-34268d86ebb5	08b04038-cfb4-4a4c-9e20-1585a4af6826.FPKM.txt.gz	Transcriptome Profiling	Gene Expression Quantification	TCGA-PAAD	TCGA-FB-A5VM	TCGA-FB-A5VM-01A	Primary Tumor
b826b9fc-3287-41cc-8e29-72666d2fa4f8	939eeb3c-9c0b-431f-8020-7165ee19f068.FPKM.txt.gz	Transcriptome Profiling	Gene Expression Quantification	TCGA-PAAD	TCGA-IB-7893	TCGA-IB-7893-01A	Primary Tumor
2cb55bda-dcce-4687-a7f2-a79318ac248f	30ce3471-112b-426c-ab57-6c0ab8e85dd2.FPKM.txt.gz	Transcriptome Profiling	Gene Expression Quantification	TCGA-PAAD	TCGA-IB-8126	TCGA-IB-8126-01A	Primary Tumor
c68e3c05-2e42-4cf7-aa0c-af4f45a85f3e	50e50114-97c0-46a6-ac5a-8c5c32abd6b2.FPKM.txt.gz	Transcriptome Profiling	Gene Expression Quantification	TCGA-PAAD	TCGA-US-A77J	TCGA-US-A77J-01A	Primary Tumor
edbbfb60-1365-4521-909c-f85499567024	b6d23de9-99bf-4412-b022-bab1332165bf.FPKM.txt.gz	Transcriptome Profiling	Gene Expression Quantification	TCGA-PAAD	TCGA-HZ-7920	TCGA-HZ-7920-01A	Primary Tumor
1e0e0b07-b5b2-4712-9307-9ff4fb88dc1a	cbab599f-5cad-4d5a-94fd-9598219daade.FPKM.txt.gz	Transcriptome Profiling	Gene Expression Quantification	TCGA-PAAD	TCGA-HZ-A9TJ	TCGA-HZ-A9TJ-01A	Primary Tumor
235e0496-e966-46c7-b54d-92d1f3b966a5	6d4c0d48-9f92-48cb-be27-a3f5d5173b42.FPKM.txt.gz	Transcriptome Profiling	Gene Expression Quantification	TCGA-PAAD	TCGA-IB-AAUN	TCGA-IB-AAUN-01A	Primary Tumor
13910657-67bb-4dca-a0ad-c53b7f8065c1	12088339-1c7d-45ce-94b5-109555472ac2.FPKM.txt.gz	Transcriptome Profiling	Gene Expression Quantification	TCGA-PAAD	TCGA-YH-A8SY	TCGA-YH-A8SY-01A	Primary Tumor
fae3a142-8015-4e69-b46a-08083bea6076	6423474d-60d7-4401-8e5b-46a3fbde5299.FPKM.txt.gz	Transcriptome Profiling	Gene Expression Quantification	TCGA-PAAD	TCGA-2J-AABV	TCGA-2J-AABV-01A	Primary Tumor
6d9ad8a4-48a0-4278-8b10-94e85f128850	c642e018-f0cb-4be8-9b19-c944f1daf9cf.FPKM.txt.gz	Transcriptome Profiling	Gene Expression Quantification	TCGA-PAAD	TCGA-2J-AABO	TCGA-2J-AABO-01A	Primary Tumor
005c0660-3700-40ea-b037-b456319d369a	bb15d7d0-8705-49af-89e4-fc13c01de642.FPKM.txt.gz	Transcriptome Profiling	Gene Expression Quantification	TCGA-PAAD	TCGA-IB-7887	TCGA-IB-7887-01A	Primary Tumor
aceca2cb-be54-4d0b-84f5-83b74193b79a	388fca1d-5282-41cc-b638-dfdf54249dbd.FPKM.txt.gz	Transcriptome Profiling	Gene Expression Quantification	TCGA-PAAD	TCGA-2L-AAQA	TCGA-2L-AAQA-01A	Primary Tumor
fc41c418-bbf1-431f-a808-2cc4a7f7b3c8	1f997074-0020-47e6-9928-5bf7209c552d.FPKM.txt.gz	Transcriptome Profiling	Gene Expression Quantification	TCGA-PAAD	TCGA-H6-A45N	TCGA-H6-A45N-01A	Primary Tumor
83e0165a-17a3-4a1e-9349-35f5db0eaaf8	87f95771-f0b0-476a-a84e-fb1cd403b7fe.FPKM.txt.gz	Transcriptome Profiling	Gene Expression Quantification	TCGA-PAAD	TCGA-M8-A5N4	TCGA-M8-A5N4-01A	Primary Tumor
9d55af84-527a-492c-8df4-a236f107d9cb	e7cc80ef-4b87-47d9-bebe-1fb05b5b04a2.FPKM.txt.gz	Transcriptome Profiling	Gene Expression Quantification	TCGA-PAAD	TCGA-HZ-8637	TCGA-HZ-8637-01A	Primary Tumor
e25c7121-3f5f-42e2-b1dd-d1f868071e32	b7971446-9682-4b03-b469-797d5efb2412.FPKM.txt.gz	Transcriptome Profiling	Gene Expression Quantification	TCGA-PAAD	TCGA-2J-AABI	TCGA-2J-AABI-01A	Primary Tumor
1c703894-a0dd-4674-afcc-f43dd882d76d	4929062b-3127-4038-8313-c20cbd274be4.FPKM.txt.gz	Transcriptome Profiling	Gene Expression Quantification	TCGA-PAAD	TCGA-HZ-8638	TCGA-HZ-8638-01A	Primary Tumor
cf6bda00-6ebf-43ec-832c-50c6faf527c3	b78b6f49-3cb2-452a-a41c-6dfa90e631db.FPKM.txt.gz	Transcriptome Profiling	Gene Expression Quantification	TCGA-PAAD	TCGA-HZ-A4BH	TCGA-HZ-A4BH-01A	Primary Tumor
8e2a4e38-ecb4-40c1-8c5f-502c8c7d7460	72824463-7699-45ab-82d1-6bd5467e88bc.FPKM.txt.gz	Transcriptome Profiling	Gene Expression Quantification	TCGA-PAAD	TCGA-HZ-A4BK	TCGA-HZ-A4BK-01A	Primary Tumor
9d79af15-bc9d-422b-939f-998faa30cf36	03094067-02d4-40c5-b6fa-bb5180dc7eab.FPKM.txt.gz	Transcriptome Profiling	Gene Expression Quantification	TCGA-PAAD	TCGA-2J-AAB8	TCGA-2J-AAB8-01A	Primary Tumor
7bcb532a-ffc8-4990-a495-31252c49e4b8	20f5f419-da3f-4c43-95fb-f7b6218c49f6.FPKM.txt.gz	Transcriptome Profiling	Gene Expression Quantification	TCGA-PAAD	TCGA-IB-A6UG	TCGA-IB-A6UG-01A	Primary Tumor
8ccc0bc8-33b8-40e7-a535-e51006614d67	d7d3fe8e-3885-44e8-934c-50f2a3bbfb2f.FPKM.txt.gz	Transcriptome Profiling	Gene Expression Quantification	TCGA-PAAD	TCGA-2L-AAQJ	TCGA-2L-AAQJ-01A	Primary Tumor
3d60c441-524c-462e-b1eb-b424992d787f	55461fda-c46a-42a8-acf1-7d39149b799e.FPKM.txt.gz	Transcriptome Profiling	Gene Expression Quantification	TCGA-PAAD	TCGA-3A-A9IO	TCGA-3A-A9IO-01A	Primary Tumor
e6c692d4-9141-4a5d-ab70-e87f46f8927e	bf1aeca5-cab7-4e97-a788-402f16534e32.FPKM.txt.gz	Transcriptome Profiling	Gene Expression Quantification	TCGA-PAAD	TCGA-FB-A545	TCGA-FB-A545-01A	Primary Tumor
d88495b4-c9b8-4341-a783-da7134cc37cb	a0f5f7d4-88e0-4f3b-853b-e1e4f6bca748.FPKM.txt.gz	Transcriptome Profiling	Gene Expression Quantification	TCGA-PAAD	TCGA-HZ-A77O	TCGA-HZ-A77O-01A	Primary Tumor
ce9eccc8-efbb-4d6e-90df-4563a1c59c2c	2132e4b3-f882-4d05-9cb6-be9a24c510c0.FPKM.txt.gz	Transcriptome Profiling	Gene Expression Quantification	TCGA-PAAD	TCGA-FB-AAQ3	TCGA-FB-AAQ3-01A	Primary Tumor
5e7ac80c-8d5a-458d-a7a0-58e8a3f2306e	b244f324-fd8a-4d4b-b8f5-bad973c649d5.FPKM.txt.gz	Transcriptome Profiling	Gene Expression Quantification	TCGA-PAAD	TCGA-3A-A9IX	TCGA-3A-A9IX-01A	Primary Tumor
8ca4521e-78b9-4ea7-ae3c-cc8ca520001a	f6bd7191-a820-4d86-927a-b4b5f88ebd67.FPKM.txt.gz	Transcriptome Profiling	Gene Expression Quantification	TCGA-PAAD	TCGA-YB-A89D	TCGA-YB-A89D-01A	Primary Tumor
df0f13b7-9711-497a-b515-3e20f616e666	03761959-a620-440f-bbaa-33bd75afae1c.FPKM.txt.gz	Transcriptome Profiling	Gene Expression Quantification	TCGA-PAAD	TCGA-IB-7646	TCGA-IB-7646-01A	Primary Tumor
c8daeffd-63e7-425c-89f3-417a8ab4c1d3	aeeb2bc3-c26d-4988-b4d6-425c7b2db8ae.FPKM.txt.gz	Transcriptome Profiling	Gene Expression Quantification	TCGA-PAAD	TCGA-2J-AABR	TCGA-2J-AABR-01A	Primary Tumor
7b1b2e9a-d2ed-49c8-bb73-a68f296b6e66	e1e6b7e8-884b-4074-93f7-1feba917f805.FPKM.txt.gz	Transcriptome Profiling	Gene Expression Quantification	TCGA-PAAD	TCGA-3A-A9I5	TCGA-3A-A9I5-01A	Primary Tumor
8577ad66-1a2d-41df-99c8-ba6b4a5399ac	2e33a2c5-2196-49c4-866a-34b12d984c15.FPKM.txt.gz	Transcriptome Profiling	Gene Expression Quantification	TCGA-PAAD	TCGA-IB-7888	TCGA-IB-7888-01A	Primary Tumor
6bcfbcf0-74bb-468a-a5fa-5bc0482a88b4	df86f65c-b4ca-4d14-92b5-76f600bb12ee.FPKM.txt.gz	Transcriptome Profiling	Gene Expression Quantification	TCGA-PAAD	TCGA-3A-A9IJ	TCGA-3A-A9IJ-01A	Primary Tumor
5eb91adc-a173-4fe6-b904-0b42996fed67	6cfd5f67-1006-48e5-a406-63b7d7ed9828.FPKM.txt.gz	Transcriptome Profiling	Gene Expression Quantification	TCGA-PAAD	TCGA-3A-A9I9	TCGA-3A-A9I9-01A	Primary Tumor
b1e6877b-ff8d-479f-89b0-3453c926dae6	65f1f44c-1f60-45cd-8e1d-16304536c4d5.FPKM.txt.gz	Transcriptome Profiling	Gene Expression Quantification	TCGA-PAAD	TCGA-US-A779	TCGA-US-A779-01A	Primary Tumor
18820313-f60e-449a-af0a-893ccf5f65ab	136067dc-fde9-42e4-8488-d38c7e2d713c.FPKM.txt.gz	Transcriptome Profiling	Gene Expression Quantification	TCGA-PAAD	TCGA-F2-A44G	TCGA-F2-A44G-01A	Primary Tumor
174ba409-db99-41bc-bb5d-586b8de671e3	6020245b-2956-46cf-9048-fbc09709ab22.FPKM.txt.gz	Transcriptome Profiling	Gene Expression Quantification	TCGA-PAAD	TCGA-H6-A45N	TCGA-H6-A45N-11A	Solid Tissue Normal
c8f91a86-c93b-48ae-a889-5d75acabd2eb	45b76b49-54f5-41ed-8e48-a16b04ed6dd0.FPKM.txt.gz	Transcriptome Profiling	Gene Expression Quantification	TCGA-PAAD	TCGA-HV-A7OP	TCGA-HV-A7OP-01A	Primary Tumor
f67787a8-f692-44d8-9944-4c9635d5162d	cc133a8a-77ad-4570-852e-df72548c6897.FPKM.txt.gz	Transcriptome Profiling	Gene Expression Quantification	TCGA-PAAD	TCGA-RB-AA9M	TCGA-RB-AA9M-01A	Primary Tumor
0c2840a2-3a49-4f22-ae21-1cfbb0034212	fef65b57-c58d-4050-8de4-f09f5cd616ce.FPKM.txt.gz	Transcriptome Profiling	Gene Expression Quantification	TCGA-PAAD	TCGA-IB-AAUQ	TCGA-IB-AAUQ-01A	Primary Tumor
d585e7ec-07c9-45c7-aab4-2680f94ef1b6	44c3d518-14fa-4d63-b265-d7fc81c398e2.FPKM.txt.gz	Transcriptome Profiling	Gene Expression Quantification	TCGA-PAAD	TCGA-IB-7885	TCGA-IB-7885-01A	Primary Tumor
f8fed768-01a7-42c0-aa38-fb55056176f6	08562fbc-4f41-408b-8bd1-0c656071d69f.FPKM.txt.gz	Transcriptome Profiling	Gene Expression Quantification	TCGA-PAAD	TCGA-IB-A5SS	TCGA-IB-A5SS-01A	Primary Tumor
4dbba783-6abf-4ebc-9c6f-f625a6b0c297	75546c1f-e923-443a-ad59-83d93737b898.FPKM.txt.gz	Transcriptome Profiling	Gene Expression Quantification	TCGA-PAAD	TCGA-Z5-AAPL	TCGA-Z5-AAPL-01A	Primary Tumor
86019197-a511-4342-8832-288d5eb310c0	b0159d01-f1eb-490d-875b-cfdabed6f529.FPKM.txt.gz	Transcriptome Profiling	Gene Expression Quantification	TCGA-PAAD	TCGA-HV-AA8X	TCGA-HV-AA8X-01A	Primary Tumor
6feb35ca-bc27-4cf3-b6a6-dedd8523bdd0	3f2cc0e5-5c45-4b32-bed1-8d549bb167eb.FPKM.txt.gz	Transcriptome Profiling	Gene Expression Quantification	TCGA-PAAD	TCGA-IB-AAUT	TCGA-IB-AAUT-01A	Primary Tumor
122716b4-05d1-477a-93f9-2302bd718cd3	00faf8ba-ff90-4214-9d03-6c5e14645d8f.FPKM.txt.gz	Transcriptome Profiling	Gene Expression Quantification	TCGA-PAAD	TCGA-IB-7645	TCGA-IB-7645-01A	Primary Tumor
8360e0fb-9a1a-41a3-9963-044854fb5862	aec2e0c7-4792-41af-873c-3f3a53ec6d38.FPKM.txt.gz	Transcriptome Profiling	Gene Expression Quantification	TCGA-PAAD	TCGA-HZ-8001	TCGA-HZ-8001-01A	Primary Tumor
61707d4f-3c8f-42c9-9d63-b3df41065199	0143419f-2abe-4906-bb55-af6010fab05f.FPKM.txt.gz	Transcriptome Profiling	Gene Expression Quantification	TCGA-PAAD	TCGA-FB-AAQ1	TCGA-FB-AAQ1-01A	Primary Tumor
e2bf626b-68d3-48b9-8083-2b826737e054	fb65f821-92cb-402a-ad2f-d4044ca7de4d.FPKM.txt.gz	Transcriptome Profiling	Gene Expression Quantification	TCGA-PAAD	TCGA-RL-AAAS	TCGA-RL-AAAS-01A	Primary Tumor
0dfe7aef-a105-4a32-89ca-49a30a1b59ed	65a45bca-b5d4-4763-a51f-f7b9ad9efcb9.FPKM.txt.gz	Transcriptome Profiling	Gene Expression Quantification	TCGA-PAAD	TCGA-S4-A8RO	TCGA-S4-A8RO-01A	Primary Tumor
d40a786b-3cb0-4151-ad0e-d6870feac1ad	d64765a8-65d1-4205-bc12-2a23e056d901.FPKM.txt.gz	Transcriptome Profiling	Gene Expression Quantification	TCGA-PAAD	TCGA-XD-AAUH	TCGA-XD-AAUH-01A	Primary Tumor
a37c7a01-3ae2-4675-aef1-059e4ddd0256	0be94b2f-fccb-4482-b0ea-695c101aa65a.FPKM.txt.gz	Transcriptome Profiling	Gene Expression Quantification	TCGA-PAAD	TCGA-F2-6880	TCGA-F2-6880-01A	Primary Tumor
96a20224-05a7-4034-ace7-6d513afcee0d	0aac5e42-7554-4949-8b90-c16528c71ef8.FPKM.txt.gz	Transcriptome Profiling	Gene Expression Quantification	TCGA-PAAD	TCGA-LB-A9Q5	TCGA-LB-A9Q5-01A	Primary Tumor
ae443886-3c2a-48fb-99ea-c83a57dea2d5	702f6e87-99e7-47fb-a1bf-58b813489e6d.FPKM.txt.gz	Transcriptome Profiling	Gene Expression Quantification	TCGA-PAAD	TCGA-3A-A9IC	TCGA-3A-A9IC-01A	Primary Tumor
eb57b0fa-396d-4244-9033-46d629c6b675	5909c211-0671-46f2-9159-62020a2b6cf8.FPKM.txt.gz	Transcriptome Profiling	Gene Expression Quantification	TCGA-PAAD	TCGA-2J-AABF	TCGA-2J-AABF-01A	Primary Tumor
584a91ca-5883-40bd-8bcf-aa6b0c0065ba	51d0123d-f082-4ce1-8f06-e3dafd224a88.FPKM.txt.gz	Transcriptome Profiling	Gene Expression Quantification	TCGA-PAAD	TCGA-IB-A6UF	TCGA-IB-A6UF-01A	Primary Tumor
6ecd0e3a-3f92-424f-8424-3cea1015da92	4764acbb-d535-4ec1-8aa4-df1512a754c2.FPKM.txt.gz	Transcriptome Profiling	Gene Expression Quantification	TCGA-PAAD	TCGA-IB-7654	TCGA-IB-7654-01A	Primary Tumor
bff3f31e-ee05-448d-af36-1ab183ba2ff4	fcd43085-7338-43fe-bc25-9d87b04e227f.FPKM.txt.gz	Transcriptome Profiling	Gene Expression Quantification	TCGA-PAAD	TCGA-HZ-8315	TCGA-HZ-8315-01A	Primary Tumor
a3778cb9-3511-4130-9059-1baba2e867ef	4df16e07-cdbc-46cc-8b9c-39d4a9dca09e.FPKM.txt.gz	Transcriptome Profiling	Gene Expression Quantification	TCGA-PAAD	TCGA-YY-A8LH	TCGA-YY-A8LH-01A	Primary Tumor
65634b1a-161a-4d27-a031-7222baf94c99	42bec5f7-7623-42e6-bbdf-514fe3805940.FPKM.txt.gz	Transcriptome Profiling	Gene Expression Quantification	TCGA-PAAD	TCGA-HZ-7923	TCGA-HZ-7923-01A	Primary Tumor
8c7e48c1-cf71-402f-8c7a-6f909bfc5452	b490fdcb-d7ae-4473-93a5-eb332225b81b.FPKM.txt.gz	Transcriptome Profiling	Gene Expression Quantification	TCGA-PAAD	TCGA-3A-A9J0	TCGA-3A-A9J0-01A	Primary Tumor
6a5013d6-9f1a-4106-8d34-f5f780b74d2b	4c60111d-2526-41be-8d31-a6afae1593c5.FPKM.txt.gz	Transcriptome Profiling	Gene Expression Quantification	TCGA-PAAD	TCGA-IB-A5ST	TCGA-IB-A5ST-01A	Primary Tumor
e0b8a8ca-45fd-4f66-a67b-fd245292fe7b	b6aa34d6-2b02-4317-8361-79536c7cb4e6.FPKM.txt.gz	Transcriptome Profiling	Gene Expression Quantification	TCGA-PAAD	TCGA-F2-A44H	TCGA-F2-A44H-01A	Primary Tumor
4d67a12d-9f9a-4f81-b12e-342d61f28be9	b7f66df2-885a-43c6-9fce-8520071d151e.FPKM.txt.gz	Transcriptome Profiling	Gene Expression Quantification	TCGA-PAAD	TCGA-IB-7644	TCGA-IB-7644-01A	Primary Tumor
0e7871dc-a721-4dae-8938-28a73ec3f968	232f085b-6201-4e4d-8473-e592b8d8e16d.FPKM.txt.gz	Transcriptome Profiling	Gene Expression Quantification	TCGA-PAAD	TCGA-HZ-7918	TCGA-HZ-7918-01A	Primary Tumor
9e66e111-9a5a-4cae-835e-f0c27617af48	1cc8603e-e8eb-4079-aef2-843329fd101f.FPKM.txt.gz	Transcriptome Profiling	Gene Expression Quantification	TCGA-PAAD	TCGA-2L-AAQE	TCGA-2L-AAQE-01A	Primary Tumor
d4f45cad-96d2-40fe-bd67-93c7bfb57c4e	83f33647-1b5f-4017-bb52-02cfb2478641.FPKM.txt.gz	Transcriptome Profiling	Gene Expression Quantification	TCGA-PAAD	TCGA-2J-AABK	TCGA-2J-AABK-01A	Primary Tumor
7d5c3b75-c418-4cff-9a1c-bb51f7b15a15	798e9f56-9964-4544-9d06-6a3aea20d0a6.FPKM.txt.gz	Transcriptome Profiling	Gene Expression Quantification	TCGA-PAAD	TCGA-PZ-A5RE	TCGA-PZ-A5RE-01A	Primary Tumor
18653a2b-78d9-4065-bf1c-6cfc58991c15	0726996d-62f2-4880-808c-cfe3361b4b42.FPKM.txt.gz	Transcriptome Profiling	Gene Expression Quantification	TCGA-PAAD	TCGA-HV-A5A4	TCGA-HV-A5A4-01A	Primary Tumor
fd354a1e-9567-4d1f-a699-13c934cbd5b8	27f41c98-3658-48c9-a257-d9ecad3276c8.FPKM.txt.gz	Transcriptome Profiling	Gene Expression Quantification	TCGA-PAAD	TCGA-FB-AAPS	TCGA-FB-AAPS-01A	Primary Tumor
a026d886-1fa3-471f-9679-8d239431675d	c4cadcbb-ae87-43a5-811c-6bedda1d1d8d.FPKM.txt.gz	Transcriptome Profiling	Gene Expression Quantification	TCGA-PAAD	TCGA-2J-AABA	TCGA-2J-AABA-01A	Primary Tumor
5b6b9a34-d798-402b-83f7-63ef1e1e4811	1548c36f-d41c-4ebe-a86c-66cbc65af67b.FPKM.txt.gz	Transcriptome Profiling	Gene Expression Quantification	TCGA-PAAD	TCGA-IB-AAUR	TCGA-IB-AAUR-01A	Primary Tumor
bd378f9a-a26e-45a8-ad5b-f0bc117c3d72	e770b299-b4c2-4dee-95a8-abc3c5773439.FPKM.txt.gz	Transcriptome Profiling	Gene Expression Quantification	TCGA-PAAD	TCGA-IB-A5SQ	TCGA-IB-A5SQ-01A	Primary Tumor
c4c4f40d-2c78-4608-8010-9c42ccb1d883	cd1bba0f-b2e8-45e3-9b37-dcec5472cb7b.FPKM.txt.gz	Transcriptome Profiling	Gene Expression Quantification	TCGA-PAAD	TCGA-HZ-8317	TCGA-HZ-8317-01A	Primary Tumor
7da79af6-ff47-4927-938f-3c4a160432e2	0c3dee5c-b102-4cc2-85d5-4c0e8f860c86.FPKM.txt.gz	Transcriptome Profiling	Gene Expression Quantification	TCGA-PAAD	TCGA-XD-AAUL	TCGA-XD-AAUL-01A	Primary Tumor
964c8188-4591-4315-9599-c53f227fddc8	03630a0c-aa97-4e28-bac9-0206fff669cd.FPKM.txt.gz	Transcriptome Profiling	Gene Expression Quantification	TCGA-PAAD	TCGA-HZ-A77Q	TCGA-HZ-A77Q-01A	Primary Tumor
ffdfd6d2-6cfb-49c2-8cd3-1ba77dbab985	855d4a17-5c83-429d-919b-8c2a8e9bab0b.FPKM.txt.gz	Transcriptome Profiling	Gene Expression Quantification	TCGA-PAAD	TCGA-3A-A9IZ	TCGA-3A-A9IZ-01A	Primary Tumor
19421ff1-3ae8-4e86-9efc-cd3203f18003	c946ab0d-ddbd-42c8-9a72-6bc99b44438f.FPKM.txt.gz	Transcriptome Profiling	Gene Expression Quantification	TCGA-PAAD	TCGA-3A-A9IS	TCGA-3A-A9IS-01A	Primary Tumor
3c13390a-1e9c-4e40-8683-b79b03cb082f	93efda82-e564-4f15-b733-e924a049234d.FPKM.txt.gz	Transcriptome Profiling	Gene Expression Quantification	TCGA-PAAD	TCGA-HZ-7919	TCGA-HZ-7919-01A	Primary Tumor
f2347995-1b95-49de-a3a1-200f2fa88d66	548f36c1-215a-4b7b-97fc-e9523f6aeb6d.FPKM.txt.gz	Transcriptome Profiling	Gene Expression Quantification	TCGA-PAAD	TCGA-IB-A5SP	TCGA-IB-A5SP-01A	Primary Tumor
6d822383-e59b-41a6-8680-6bc3f4d1e862	480de2f2-6f01-43e9-bc1b-77b8ec8451f5.FPKM.txt.gz	Transcriptome Profiling	Gene Expression Quantification	TCGA-PAAD	TCGA-IB-7897	TCGA-IB-7897-01A	Primary Tumor
3f8781cf-51c0-4a95-bd87-4f69c7a3144c	59f31be1-8904-4395-a968-8bc9f68b5160.FPKM.txt.gz	Transcriptome Profiling	Gene Expression Quantification	TCGA-PAAD	TCGA-HV-A5A6	TCGA-HV-A5A6-01A	Primary Tumor
3a6da19e-73c4-4cba-b5c3-3a48b998528c	4b377b21-fed6-4684-bd4c-93850e8b5b8a.FPKM.txt.gz	Transcriptome Profiling	Gene Expression Quantification	TCGA-PAAD	TCGA-2J-AAB6	TCGA-2J-AAB6-01A	Primary Tumor
97ac305c-16db-4937-8b05-8148d6abe9d6	b9ab7393-4abb-41ec-9d55-a3dc846c4a93.FPKM.txt.gz	Transcriptome Profiling	Gene Expression Quantification	TCGA-PAAD	TCGA-HZ-7926	TCGA-HZ-7926-01A	Primary Tumor
30ea0b71-f563-4d5c-97ed-217911a52942	7989aed0-f0bc-4f0c-a8ae-f084221ed3f5.FPKM.txt.gz	Transcriptome Profiling	Gene Expression Quantification	TCGA-PAAD	TCGA-HZ-A8P0	TCGA-HZ-A8P0-01A	Primary Tumor
7bfd4f4e-1d8d-4160-8281-b0c7486d5854	8fc1d9e6-1247-498f-92c4-cc499dcfad45.FPKM.txt.gz	Transcriptome Profiling	Gene Expression Quantification	TCGA-PAAD	TCGA-3A-A9I7	TCGA-3A-A9I7-01A	Primary Tumor
2fbc4bad-d2a4-4bae-b77b-41227366dce6	9f124994-5787-488d-b679-a33419ab63e5.FPKM.txt.gz	Transcriptome Profiling	Gene Expression Quantification	TCGA-PAAD	TCGA-YB-A89D	TCGA-YB-A89D-11A	Solid Tissue Normal
d1c5a130-4845-4946-9c06-d56264016184	e7e83d39-85b9-45c2-a4f4-f92080ef770a.FPKM.txt.gz	Transcriptome Profiling	Gene Expression Quantification	TCGA-PAAD	TCGA-F2-7273	TCGA-F2-7273-01A	Primary Tumor
dced84ab-add8-4ebb-bac3-536712f46137	4a12d4ee-acf4-4422-abb5-54bb966e3b07.FPKM.txt.gz	Transcriptome Profiling	Gene Expression Quantification	TCGA-PAAD	TCGA-3A-A9IR	TCGA-3A-A9IR-01A	Primary Tumor
f6a8911d-e9f8-403d-a341-65a725a371d6	69675771-14b4-4edf-bbda-63c38051ca1c.FPKM.txt.gz	Transcriptome Profiling	Gene Expression Quantification	TCGA-PAAD	TCGA-FB-A7DR	TCGA-FB-A7DR-01A	Primary Tumor
0882ecec-b533-4912-adc1-8ffd6eaa47c1	c19f102d-47a0-48c6-9443-63730d9ea6d1.FPKM.txt.gz	Transcriptome Profiling	Gene Expression Quantification	TCGA-PAAD	TCGA-2J-AAB9	TCGA-2J-AAB9-01A	Primary Tumor
a235a70c-1028-4692-adbc-92fbd5ca7976	25b906db-fd54-4b85-b67e-e421826bd794.FPKM.txt.gz	Transcriptome Profiling	Gene Expression Quantification	TCGA-PAAD	TCGA-HZ-8005	TCGA-HZ-8005-01A	Primary Tumor
9a447c97-dabf-4a76-aaf6-be79d8aeddb8	38fa431c-aaff-44ef-a28a-3a6bdd4688d1.FPKM.txt.gz	Transcriptome Profiling	Gene Expression Quantification	TCGA-PAAD	TCGA-IB-7890	TCGA-IB-7890-01A	Primary Tumor
7be3c1e9-b2e9-4f78-8a27-ba7ae2c0d2f1	a19219b1-db59-4493-83ef-e938e2ffdefd.FPKM.txt.gz	Transcriptome Profiling	Gene Expression Quantification	TCGA-PAAD	TCGA-IB-A7M4	TCGA-IB-A7M4-01A	Primary Tumor
efc2733a-5eb7-4b4f-bb30-51ab7bb9af55	1f2aa905-5022-4efe-afac-022d1acfdbe5.FPKM.txt.gz	Transcriptome Profiling	Gene Expression Quantification	TCGA-PAAD	TCGA-HZ-7924	TCGA-HZ-7924-01A	Primary Tumor
f27c04d3-6777-414d-9780-eda107506e59	0f426284-c121-4860-bb80-8df032b0dea8.FPKM.txt.gz	Transcriptome Profiling	Gene Expression Quantification	TCGA-PAAD	TCGA-IB-7652	TCGA-IB-7652-01A	Primary Tumor
32c457e9-c2e4-4aea-a385-125766cfc6f2	be13c589-e2f2-4505-9f12-2de3a8c97fdf.FPKM.txt.gz	Transcriptome Profiling	Gene Expression Quantification	TCGA-PAAD	TCGA-IB-AAUW	TCGA-IB-AAUW-01A	Primary Tumor
3f857e59-798e-4ecd-aafd-b282ba5b9d1b	01188815-3676-4980-9cb8-7666169328f1.FPKM.txt.gz	Transcriptome Profiling	Gene Expression Quantification	TCGA-PAAD	TCGA-FB-AAPZ	TCGA-FB-AAPZ-01A	Primary Tumor
3efd1634-6f3d-4119-8781-51b764019b63	4a39bda3-2a3f-4253-bea1-607260375f07.FPKM.txt.gz	Transcriptome Profiling	Gene Expression Quantification	TCGA-PAAD	TCGA-3A-A9IV	TCGA-3A-A9IV-01A	Primary Tumor
3fe93649-9e49-4f1b-9eea-a4dac6867183	19a3b9bb-d4cb-4925-a87a-57f724141a67.FPKM.txt.gz	Transcriptome Profiling	Gene Expression Quantification	TCGA-PAAD	TCGA-US-A776	TCGA-US-A776-01A	Primary Tumor
62809aca-c5ac-47f1-bfed-b82d811a797d	7051e52f-069d-48d5-966e-064a01bf2725.FPKM.txt.gz	Transcriptome Profiling	Gene Expression Quantification	TCGA-PAAD	TCGA-HV-A7OL	TCGA-HV-A7OL-01A	Primary Tumor
bbda2925-9787-40f3-b94e-077a866e1751	a6ad90fe-ccfe-47ce-9e5a-95f5e7acf761.FPKM.txt.gz	Transcriptome Profiling	Gene Expression Quantification	TCGA-PAAD	TCGA-L1-A7W4	TCGA-L1-A7W4-01A	Primary Tumor
41b1fb7d-238b-4121-8dcd-75c4a841161a	b9038119-a0a9-4987-b9e3-02ea055a644a.FPKM.txt.gz	Transcriptome Profiling	Gene Expression Quantification	TCGA-PAAD	TCGA-HV-A5A3	TCGA-HV-A5A3-11A	Solid Tissue Normal
98961e61-55e9-4583-a51c-769a9a9de62d	94816a7b-6de4-4586-9ea0-0c4fbbc4abd8.FPKM.txt.gz	Transcriptome Profiling	Gene Expression Quantification	TCGA-PAAD	TCGA-F2-A7TX	TCGA-F2-A7TX-01A	Primary Tumor
51abd28e-9a60-4ba0-a39b-cffdd36ef7b8	a995d6ba-19c7-498f-b2d8-3f9b4b4826a1.FPKM.txt.gz	Transcriptome Profiling	Gene Expression Quantification	TCGA-PAAD	TCGA-IB-7649	TCGA-IB-7649-01A	Primary Tumor
d9c8d0dc-a062-45c4-9961-7d7fee528c95	e228d8be-74db-4b34-90d6-5d757f15310b.FPKM.txt.gz	Transcriptome Profiling	Gene Expression Quantification	TCGA-PAAD	TCGA-FB-AAPY	TCGA-FB-AAPY-01A	Primary Tumor
655e0216-90f1-4ead-a19b-af0236b9cc20	657e19a6-e481-4d06-8613-1a93677f3425.FPKM.txt.gz	Transcriptome Profiling	Gene Expression Quantification	TCGA-PAAD	TCGA-3A-A9IN	TCGA-3A-A9IN-01A	Primary Tumor
b55e18e0-ddad-44e5-a326-ed6bbe9255c2	98b1beb5-8d4c-45d1-a618-2d43aafa056c.FPKM.txt.gz	Transcriptome Profiling	Gene Expression Quantification	TCGA-PAAD	TCGA-FB-AAQ6	TCGA-FB-AAQ6-01A	Primary Tumor
4403f1cf-51f6-45bb-8eea-2a4ee08a803c	2eaa996b-267f-4c9c-a58e-d1759c27c46c.FPKM.txt.gz	Transcriptome Profiling	Gene Expression Quantification	TCGA-PAAD	TCGA-3A-A9IH	TCGA-3A-A9IH-01A	Primary Tumor
f9a6a7eb-3950-4862-b14c-e76d1965ca83	a2a33be8-232b-44bf-a003-349017a5bc5a.FPKM.txt.gz	Transcriptome Profiling	Gene Expression Quantification	TCGA-PAAD	TCGA-RB-A7B8	TCGA-RB-A7B8-01A	Primary Tumor
412fb6dc-16ec-411a-b4dc-fcca8186134b	7d0fbed4-b5e1-4633-ac04-e0ee614b90ee.FPKM.txt.gz	Transcriptome Profiling	Gene Expression Quantification	TCGA-PAAD	TCGA-HV-A5A3	TCGA-HV-A5A3-01A	Primary Tumor
571ae6c2-6c1e-4e22-bd2b-6a027dd4550b	c48dcdef-8805-4887-bacc-e351613886a0.FPKM.txt.gz	Transcriptome Profiling	Gene Expression Quantification	TCGA-PAAD	TCGA-3A-A9IL	TCGA-3A-A9IL-01A	Primary Tumor
b2d8c11f-7d98-4899-8780-0ac83feb3fa8	05f0ced5-6976-4f43-9be5-fddb3f550adf.FPKM.txt.gz	Transcriptome Profiling	Gene Expression Quantification	TCGA-PAAD	TCGA-H6-8124	TCGA-H6-8124-01A	Primary Tumor
65d5dd5c-1da9-4bcd-ae11-1e5769c6afdb	f144de50-6126-4912-9c94-824d1eb0fac5.FPKM.txt.gz	Transcriptome Profiling	Gene Expression Quantification	TCGA-PAAD	TCGA-FB-A4P5	TCGA-FB-A4P5-01A	Primary Tumor
92f69ae6-4081-4f22-aafb-e63a3ddd030d	cde0617f-fcd6-4c58-b3cf-dcfabc6fcda7.FPKM.txt.gz	Transcriptome Profiling	Gene Expression Quantification	TCGA-PAAD	TCGA-IB-7886	TCGA-IB-7886-01A	Primary Tumor
909c6727-ff7f-4c3a-a9ec-d560927ba301	eb3894d4-fcae-43ef-ad68-b756c6aa56ea.FPKM.txt.gz	Transcriptome Profiling	Gene Expression Quantification	TCGA-PAAD	TCGA-HZ-A49I	TCGA-HZ-A49I-01A	Primary Tumor
b5be8e74-fcb7-499c-8cb6-6643445b2195	87c17703-72c7-4207-8935-3391f207f4a6.FPKM.txt.gz	Transcriptome Profiling	Gene Expression Quantification	TCGA-PAAD	TCGA-FB-AAQ0	TCGA-FB-AAQ0-01A	Primary Tumor
ea328955-8395-432a-8092-ad295d87985f	25c55776-4df2-44c2-bbd3-fadec618115c.FPKM.txt.gz	Transcriptome Profiling	Gene Expression Quantification	TCGA-PAAD	TCGA-IB-A7LX	TCGA-IB-A7LX-01A	Primary Tumor
b9446a27-dac3-4c27-a4ea-ebeebe83c139	0e556719-18fe-49e4-9c2e-454bb11c7e03.FPKM.txt.gz	Transcriptome Profiling	Gene Expression Quantification	TCGA-PAAD	TCGA-LB-A8F3	TCGA-LB-A8F3-01A	Primary Tumor
e900034b-2224-4d24-9745-c2d56ebe2150	d1356d85-5b29-4666-818c-b1f43bcdab3c.FPKM.txt.gz	Transcriptome Profiling	Gene Expression Quantification	TCGA-PAAD	TCGA-S4-A8RM	TCGA-S4-A8RM-01A	Primary Tumor
730b5cf0-c94a-428a-b0d5-198784ef2b10	2553d284-ed47-49cb-afd6-13c0ed5bc9cb.FPKM.txt.gz	Transcriptome Profiling	Gene Expression Quantification	TCGA-PAAD	TCGA-3A-A9IU	TCGA-3A-A9IU-01A	Primary Tumor
6e45528f-1e17-48e8-ae99-2ffbebc9c413	e75c2077-0098-42b5-ba41-181a768478de.FPKM.txt.gz	Transcriptome Profiling	Gene Expression Quantification	TCGA-PAAD	TCGA-IB-AAUM	TCGA-IB-AAUM-01A	Primary Tumor
8ffa79ec-22a6-4b4d-87f8-6815557b4f73	c98f395b-003f-41b1-abff-38b6b227d64c.FPKM.txt.gz	Transcriptome Profiling	Gene Expression Quantification	TCGA-PAAD	TCGA-US-A77G	TCGA-US-A77G-01A	Primary Tumor
e3c78cdd-af8a-4ddc-9eaa-eedaaccf970d	aab761be-87c9-41a2-99b8-8bed9032333c.FPKM.txt.gz	Transcriptome Profiling	Gene Expression Quantification	TCGA-PAAD	TCGA-HZ-8003	TCGA-HZ-8003-01A	Primary Tumor
586422d9-b0c8-4812-a5f8-4bb7d2f9b3b5	a9fbe593-42f7-4597-a61c-240408bbe203.FPKM.txt.gz	Transcriptome Profiling	Gene Expression Quantification	TCGA-PAAD	TCGA-FB-AAPP	TCGA-FB-AAPP-01A	Primary Tumor
c6a9b770-845a-4a10-ac02-28928def043c	a155ec07-2baf-404b-85bc-28330a8fee33.FPKM.txt.gz	Transcriptome Profiling	Gene Expression Quantification	TCGA-PAAD	TCGA-2J-AABP	TCGA-2J-AABP-01A	Primary Tumor
c568c6de-0005-47cb-8dba-d83529360f68	a4bc2872-29bd-4458-8247-37152e0d0813.FPKM.txt.gz	Transcriptome Profiling	Gene Expression Quantification	TCGA-PAAD	TCGA-HZ-A9TJ	TCGA-HZ-A9TJ-06A	Metastatic
dc0cc2c7-88a8-4a8e-85e3-2dc013f4e61f	7bf647f0-c20e-42e6-b7d5-6510a8d066fc.FPKM.txt.gz	Transcriptome Profiling	Gene Expression Quantification	TCGA-PAAD	TCGA-IB-7651	TCGA-IB-7651-01A	Primary Tumor
051918c1-9bb2-4146-bf85-4e4a55c5759e	5aed2227-1f31-4159-9eed-430bc45c61dc.FPKM.txt.gz	Transcriptome Profiling	Gene Expression Quantification	TCGA-PAAD	TCGA-2L-AAQM	TCGA-2L-AAQM-01A	Primary Tumor
af9e4765-462e-4fa3-819c-f890456647ba	1b54f883-d25d-4f6c-9398-7d7dcfb75653.FPKM.txt.gz	Transcriptome Profiling	Gene Expression Quantification	TCGA-PAAD	TCGA-FB-AAPQ	TCGA-FB-AAPQ-01A	Primary Tumor
e8ae7104-605a-4bd3-b58d-b85da7f4fcc3	6c73911d-8d0a-4a5a-9251-4ded7ea70fef.FPKM.txt.gz	Transcriptome Profiling	Gene Expression Quantification	TCGA-PAAD	TCGA-3A-A9IB	TCGA-3A-A9IB-01A	Primary Tumor
030cf06f-890c-4193-9c7d-254980c73a48	3d771128-9e90-49c2-8ee5-23d994ee6398.FPKM.txt.gz	Transcriptome Profiling	Gene Expression Quantification	TCGA-PAAD	TCGA-FB-A78T	TCGA-FB-A78T-01A	Primary Tumor
77a60e72-8a38-4c01-b621-87eeff60485b	cdaedb53-612c-4e7a-8ffe-348944b94e0c.FPKM.txt.gz	Transcriptome Profiling	Gene Expression Quantification	TCGA-PAAD	TCGA-LB-A7SX	TCGA-LB-A7SX-01A	Primary Tumor
d1b58025-d1cc-46ef-b9cb-6f0315a5620d	e5214aa1-432a-4a47-886c-3ded1616255b.FPKM.txt.gz	Transcriptome Profiling	Gene Expression Quantification	TCGA-PAAD	TCGA-US-A774	TCGA-US-A774-01A	Primary Tumor
ef3a8b0a-0ce7-4d26-98cc-7e78c21db36b	09a677f2-d81d-4c3f-adf9-f8594e064e44.FPKM.txt.gz	Transcriptome Profiling	Gene Expression Quantification	TCGA-PAAD	TCGA-2J-AABU	TCGA-2J-AABU-01A	Primary Tumor
758bf6a6-f315-455c-b183-abadbea9d1f6	32662b7d-7abd-4ec4-b802-869292832cfc.FPKM.txt.gz	Transcriptome Profiling	Gene Expression Quantification	TCGA-PAAD	TCGA-IB-7891	TCGA-IB-7891-01A	Primary Tumor
f68912b3-1117-4793-a492-2804c7c903de	8a799dfa-c1b5-4b13-9c91-6cbfe2abbc9f.FPKM.txt.gz	Transcriptome Profiling	Gene Expression Quantification	TCGA-PAAD	TCGA-IB-8127	TCGA-IB-8127-01A	Primary Tumor
c640cec0-1656-4ca2-92a0-afca1cf3f86c	e38e0ced-093c-44e9-9f3b-7cdd0e6b912e.FPKM.txt.gz	Transcriptome Profiling	Gene Expression Quantification	TCGA-PAAD	TCGA-HZ-8636	TCGA-HZ-8636-01A	Primary Tumor
e0cd494a-5840-41a7-b51e-fc60a4ad1eee	bdaa2f92-f32d-4740-bfbc-e02e32228732.FPKM.txt.gz	Transcriptome Profiling	Gene Expression Quantification	TCGA-PAAD	TCGA-HZ-A49H	TCGA-HZ-A49H-01A	Primary Tumor
3c8b9145-4b23-4ce9-877c-ea1d015343bd	d42d7f7b-1ba5-4ba5-8af2-35755fef2d69.FPKM.txt.gz	Transcriptome Profiling	Gene Expression Quantification	TCGA-PAAD	TCGA-HZ-7925	TCGA-HZ-7925-01A	Primary Tumor
b7026dd0-c137-4b7d-a698-1997a2590af8	d5612378-33e0-4fe5-ad2f-a1887fb7b5cd.FPKM.txt.gz	Transcriptome Profiling	Gene Expression Quantification	TCGA-PAAD	TCGA-2L-AAQI	TCGA-2L-AAQI-01A	Primary Tumor
6deb2016-8321-465d-b4ab-05d92a4c04c0	caf9cab4-f98f-46bd-a75d-0eb1e9c6c9ea.FPKM.txt.gz	Transcriptome Profiling	Gene Expression Quantification	TCGA-PAAD	TCGA-2J-AAB1	TCGA-2J-AAB1-01A	Primary Tumor
328f103a-1637-48e9-adbf-88b33ee0c245	82275c4f-5976-40e0-ac70-c74250de34ac.FPKM.txt.gz	Transcriptome Profiling	Gene Expression Quantification	TCGA-PAAD	TCGA-IB-AAUV	TCGA-IB-AAUV-01A	Primary Tumor
d90be323-5296-4d18-81b1-d6b7038ef0a1	6de948fd-f834-408f-8018-ce38970c1e77.FPKM.txt.gz	Transcriptome Profiling	Gene Expression Quantification	TCGA-PAAD	TCGA-HZ-8519	TCGA-HZ-8519-01A	Primary Tumor
6543a250-d902-4612-b64e-18404944ca3d	3828d55b-81ae-42b2-8f5e-d1dcd87e576a.FPKM.txt.gz	Transcriptome Profiling	Gene Expression Quantification	TCGA-PAAD	TCGA-IB-AAUP	TCGA-IB-AAUP-01A	Primary Tumor
55e73368-3fa0-42b9-a2bc-f17b082f7ed4	8103517e-1192-4e6a-87c2-eb02010fa417.FPKM.txt.gz	Transcriptome Profiling	Gene Expression Quantification	TCGA-PAAD	TCGA-HZ-A49G	TCGA-HZ-A49G-01A	Primary Tumor
d7d9fdc1-d488-47f7-8365-4654d1e68101	97cc2d08-c822-4cc5-aafc-d2c1fc1c9b57.FPKM.txt.gz	Transcriptome Profiling	Gene Expression Quantification	TCGA-PAAD	TCGA-HV-A5A5	TCGA-HV-A5A5-01A	Primary Tumor
9d3cc58c-6c05-4ff0-b4b1-6c76a4125739	731337f2-a700-43d4-9f37-ee04ae39a932.FPKM.txt.gz	Transcriptome Profiling	Gene Expression Quantification	TCGA-PAAD	TCGA-XD-AAUI	TCGA-XD-AAUI-01A	Primary Tumor
5da56d9f-f071-4d12-9e1d-9768c42ed161	844f025f-f7f5-443a-8c4f-855bfe6c212e.FPKM.txt.gz	Transcriptome Profiling	Gene Expression Quantification	TCGA-PAAD	TCGA-2J-AABE	TCGA-2J-AABE-01A	Primary Tumor
53aaf772-2876-46eb-8efe-1bbd4c5b6df6	057aa9ac-f22c-4c11-a44d-ad52ae59b4cf.FPKM.txt.gz	Transcriptome Profiling	Gene Expression Quantification	TCGA-PAAD	TCGA-2J-AAB4	TCGA-2J-AAB4-01A	Primary Tumor
3d9c5cf8-f126-4899-9758-af71fd45b2c9	464c3bd5-5bd2-415f-919e-a5a779a103c4.FPKM.txt.gz	Transcriptome Profiling	Gene Expression Quantification	TCGA-PAAD	TCGA-S4-A8RP	TCGA-S4-A8RP-01A	Primary Tumor
61a8061c-cf4f-48e1-8572-df93f7afe3e1	dbcad16f-6837-4825-af8d-c60cfbcefe1a.FPKM.txt.gz	Transcriptome Profiling	Gene Expression Quantification	TCGA-PAAD	TCGA-HZ-A77P	TCGA-HZ-A77P-01A	Primary Tumor
ceb642db-e77a-4cf3-92a1-44042c7f8d40	67fd4b38-5a38-487d-a235-064580064739.FPKM.txt.gz	Transcriptome Profiling	Gene Expression Quantification	TCGA-PAAD	TCGA-IB-AAUU	TCGA-IB-AAUU-01A	Primary Tumor
d5d72f2c-3e40-4067-8e95-ccd23d06b513	0349f526-7816-4a7d-9967-1f75dd9ff00a.FPKM.txt.gz	Transcriptome Profiling	Gene Expression Quantification	TCGA-PAAD	TCGA-F2-A8YN	TCGA-F2-A8YN-01A	Primary Tumor
5d019959-8b39-491d-9b1a-ed3a588170c2	b4ce6dd3-35a8-4261-b4d2-a2ab39957593.FPKM.txt.gz	Transcriptome Profiling	Gene Expression Quantification	TCGA-PAAD	TCGA-HZ-8002	TCGA-HZ-8002-01A	Primary Tumor
ecb67ef6-2e67-473b-a8af-7c22c2346ecc	c1f4dcd4-26b5-4b90-9564-44e03242e8e2.FPKM.txt.gz	Transcriptome Profiling	Gene Expression Quantification	TCGA-PAAD	TCGA-3E-AAAY	TCGA-3E-AAAY-01A	Primary Tumor
38f4dbe4-7d92-4a30-922e-9fcda892e6cc	7cccb817-cdff-45c0-a4cd-9de57d7d8c48.FPKM.txt.gz	Transcriptome Profiling	Gene Expression Quantification	TCGA-PAAD	TCGA-OE-A75W	TCGA-OE-A75W-01A	Primary Tumor
446bbe28-6491-428d-ab42-b4b36a47c90d	c3a3b1ec-1d61-4afd-bf06-3a036894bf39.FPKM.txt.gz	Transcriptome Profiling	Gene Expression Quantification	TCGA-PAAD	TCGA-IB-7889	TCGA-IB-7889-01A	Primary Tumor
1951b11c-c493-4d29-8f7c-e5ff155ba566	16c63027-f745-41c4-a5e8-f6d9f1fbf1c8.FPKM.txt.gz	Transcriptome Profiling	Gene Expression Quantification	TCGA-PAAD	TCGA-F2-6879	TCGA-F2-6879-01A	Primary Tumor
03a162ee-0be2-484d-ad86-17bba311a3f8	4172e3f8-3578-4f33-9168-6f8c2b8d0783.FPKM.txt.gz	Transcriptome Profiling	Gene Expression Quantification	TCGA-PAAD	TCGA-3E-AAAZ	TCGA-3E-AAAZ-01A	Primary Tumor
3e7c872c-3788-4d84-981f-4b2a18f562dd	98a25752-dd33-41b0-883f-3ca9cded5c34.FPKM.txt.gz	Transcriptome Profiling	Gene Expression Quantification	TCGA-PAAD	TCGA-IB-A5SO	TCGA-IB-A5SO-01A	Primary Tumor
cdcfba3c-cd6f-4f86-a482-89cfae45fe9a	844163ae-2444-4406-9873-12e8295e3e07.FPKM.txt.gz	Transcriptome Profiling	Gene Expression Quantification	TCGA-PAAD	TCGA-FB-AAQ2	TCGA-FB-AAQ2-01A	Primary Tumor
4030c70f-de76-4c87-a94b-9891d20bccc0	f2389819-b8fc-460e-821c-01dba313cce1.FPKM.txt.gz	Transcriptome Profiling	Gene Expression Quantification	TCGA-PAAD	TCGA-Q3-AA2A	TCGA-Q3-AA2A-01A	Primary Tumor
4c35107f-2492-429c-b323-4d93953703c2	01f84c45-2058-4e22-b234-52f0a82a97fc.FPKM.txt.gz	Transcriptome Profiling	Gene Expression Quantification	TCGA-PAAD	TCGA-2J-AABH	TCGA-2J-AABH-01A	Primary Tumor
44e739c9-5b22-4036-b661-090c6fde40ea	4cd85f4f-162e-40a8-ab1d-4f6f562c68ff.FPKM.txt.gz	Transcriptome Profiling	Gene Expression Quantification	TCGA-PAAD	TCGA-XN-A8T3	TCGA-XN-A8T3-01A	Primary Tumor
6655292c-68dd-4b44-9349-e4c8cc124adc	f8551a29-d4bd-4954-bf9c-8e10265063de.FPKM.txt.gz	Transcriptome Profiling	Gene Expression Quantification	TCGA-PAAD	TCGA-HZ-A8P1	TCGA-HZ-A8P1-01A	Primary Tumor
be3f97c0-32ad-4241-8ca6-ecfe1648f5ff	dd2f0366-10f3-40e4-90d5-c5c2c7a65289.FPKM.txt.gz	Transcriptome Profiling	Gene Expression Quantification	TCGA-PAAD	TCGA-HZ-7922	TCGA-HZ-7922-01A	Primary Tumor
69836bd6-8d00-46b6-bfca-d9ff1f8baff6	f9f63982-b0ee-4cb8-8de5-f885d82137f0.FPKM.txt.gz	Transcriptome Profiling	Gene Expression Quantification	TCGA-PAAD	TCGA-FB-A4P6	TCGA-FB-A4P6-01A	Primary Tumor
ebf0f867-922c-4dfc-ae5f-659d9d522215	7186ee30-db1a-43ad-955b-886cd5b5e771.FPKM.txt.gz	Transcriptome Profiling	Gene Expression Quantification	TCGA-PAAD	TCGA-FB-AAPU	TCGA-FB-AAPU-01A	Primary Tumor
b6d1f543-7974-4795-9c46-f0d226e5f2c6	12caae52-5f67-4df5-9e83-072844acd484.FPKM.txt.gz	Transcriptome Profiling	Gene Expression Quantification	TCGA-PAAD	TCGA-US-A77E	TCGA-US-A77E-01A	Primary Tumor
0ae4ff1f-e2d3-46e0-95a2-0ea80a4ebb63	574df2fc-a608-49c5-8e83-f26d03ef8bb3.FPKM.txt.gz	Transcriptome Profiling	Gene Expression Quantification	TCGA-PAAD	TCGA-HZ-7289	TCGA-HZ-7289-01A	Primary Tumor
2f45f65a-ded0-49c0-981c-431a54fbd9cc	97512c95-1685-46a9-88db-071766889490.FPKM.txt.gz	Transcriptome Profiling	Gene Expression Quantification	ORGANOID-PANCREATIC	71	S206	Next Generation Cancer Model
7ea1ebf0-d47f-425c-a48c-650a6f0b8722	f888eea4-4fda-4f9f-a8cb-66e8219ce268.FPKM.txt.gz	Transcriptome Profiling	Gene Expression Quantification	ORGANOID-PANCREATIC	65	S159	Next Generation Cancer Model
d812f974-9a79-43d1-b1d3-caaa38e0cf78	80b9fcf4-185c-4e52-bcff-8ab52ab4bfa5.FPKM.txt.gz	Transcriptome Profiling	Gene Expression Quantification	ORGANOID-PANCREATIC	63	S169	Next Generation Cancer Model
3d21f611-9b0c-4e3b-bc11-e42bec4f656a	4069e97d-f69c-4cee-a575-f112c490804d.FPKM.txt.gz	Transcriptome Profiling	Gene Expression Quantification	ORGANOID-PANCREATIC	64	S191	Next Generation Cancer Model
3343e55b-0623-4e88-ac7a-55896fccb32e	8a84b3e2-92a0-4c2b-986b-0efa8a22a8f3.FPKM.txt.gz	Transcriptome Profiling	Gene Expression Quantification	ORGANOID-PANCREATIC	6	S184	Next Generation Cancer Model
91a90560-b16d-44f1-8aa5-7ac71286ee74	4584bfa8-d55e-4bdc-a045-5b036c653a2a.FPKM.txt.gz	Transcriptome Profiling	Gene Expression Quantification	ORGANOID-PANCREATIC	61	S158	Next Generation Cancer Model
823a3d00-8291-4340-b9c3-662a8f1de4d0	fad4ebeb-527a-43d2-982c-1c662d92213c.FPKM.txt.gz	Transcriptome Profiling	Gene Expression Quantification	ORGANOID-PANCREATIC	47	S226	Next Generation Cancer Model
b35f106d-2c41-4347-80b9-97f9e77b727f	cdd8996e-fb92-4499-83fa-ef393afbe86c.FPKM.txt.gz	Transcriptome Profiling	Gene Expression Quantification	ORGANOID-PANCREATIC	59	S213	Next Generation Cancer Model
c82279c7-512e-4b60-a598-8f40c298ab18	d8ab768a-388e-4dfe-afad-88d83c2329c4.FPKM.txt.gz	Transcriptome Profiling	Gene Expression Quantification	ORGANOID-PANCREATIC	9	S197	Next Generation Cancer Model
ed1595f9-f934-4971-91ff-fc4f385416ec	d4f8538e-93d1-40ba-9c89-ad59ab96c1f7.FPKM.txt.gz	Transcriptome Profiling	Gene Expression Quantification	ORGANOID-PANCREATIC	42	S179	Next Generation Cancer Model
9af80bfe-c617-4f58-9cfb-9011af87090f	e416eb09-74b9-47b3-872a-d3f5c7ce55a7.FPKM.txt.gz	Transcriptome Profiling	Gene Expression Quantification	ORGANOID-PANCREATIC	23	S220	Next Generation Cancer Model
357d4902-ba96-4ac6-8063-7d57e39cf22e	dec5e5a1-09c1-404c-8f50-ff351412dc31.FPKM.txt.gz	Transcriptome Profiling	Gene Expression Quantification	ORGANOID-PANCREATIC	57	S190	Next Generation Cancer Model
b408f38d-cc25-4ffa-b7ee-e6606429da8d	1efaf04d-28f9-4429-85eb-a786adee5500.FPKM.txt.gz	Transcriptome Profiling	Gene Expression Quantification	ORGANOID-PANCREATIC	4	S161	Next Generation Cancer Model
fb9dc0f4-2e10-4e42-a5c8-985464ffd2a8	7a33674a-4f33-452b-9ac5-cf692bd50229.FPKM.txt.gz	Transcriptome Profiling	Gene Expression Quantification	ORGANOID-PANCREATIC	29	S211	Next Generation Cancer Model
2a4f230d-9548-4cdf-b2a0-5c098eb61cb3	30520ecd-c6bd-4039-9b1a-d3f999235598.FPKM.txt.gz	Transcriptome Profiling	Gene Expression Quantification	ORGANOID-PANCREATIC	66	S182	Next Generation Cancer Model
5b9accc3-3f83-4ff6-b4f4-6ff1275270ce	7bd81b4e-0f1b-476d-aca5-b31f69f37581.FPKM.txt.gz	Transcriptome Profiling	Gene Expression Quantification	ORGANOID-PANCREATIC	38	S188	Next Generation Cancer Model
84b13092-d0a2-469f-a8bc-efbb7aa621fd	9618c27d-d2ee-4e70-b713-412513b761bd.FPKM.txt.gz	Transcriptome Profiling	Gene Expression Quantification	ORGANOID-PANCREATIC	67	S170	Next Generation Cancer Model
36cb56b3-3482-4758-8410-5d60d7a5a1ef	c5b00790-f1c8-46ee-bbdc-48fe1cab3e24.FPKM.txt.gz	Transcriptome Profiling	Gene Expression Quantification	ORGANOID-PANCREATIC	40	S189	Next Generation Cancer Model
a832e3b5-0194-44dc-8665-636c5a9ba8da	a6ddcc84-8e4d-4c68-885c-2d51168eec97.FPKM.txt.gz	Transcriptome Profiling	Gene Expression Quantification	ORGANOID-PANCREATIC	17	S186	Next Generation Cancer Model
aa2b790e-373e-4eb1-88bb-02b10d9b50b6	1c75df78-5aca-4280-a22b-044670ba86ab.FPKM.txt.gz	Transcriptome Profiling	Gene Expression Quantification	ORGANOID-PANCREATIC	35	S196	Next Generation Cancer Model
bfc3a91c-fec6-4c40-84d2-88b7bc160968	425fe9f4-851a-435c-84ab-bafbb5c55022.FPKM.txt.gz	Transcriptome Profiling	Gene Expression Quantification	ORGANOID-PANCREATIC	21	S219	Next Generation Cancer Model
946e2e2a-dd46-4b8c-928d-5640929a7ead	64a66f75-1866-4ed6-bfce-459e6abe7df1.FPKM.txt.gz	Transcriptome Profiling	Gene Expression Quantification	ORGANOID-PANCREATIC	57	S199	Next Generation Cancer Model
54ff73e6-8eff-4ce8-8625-7ceba26240ed	b850c213-ce46-4095-80a7-e38d7de12e08.FPKM.txt.gz	Transcriptome Profiling	Gene Expression Quantification	ORGANOID-PANCREATIC	32	S165	Next Generation Cancer Model
78c8ad34-b9c2-45cb-9ec7-a2ce61ee6a95	cd463692-b74f-4f8e-90f4-e54a597fe25f.FPKM.txt.gz	Transcriptome Profiling	Gene Expression Quantification	ORGANOID-PANCREATIC	33	S187	Next Generation Cancer Model
6a1e25f4-793c-44b1-a717-be9d01ce4788	ab82d4af-1327-4e2b-81e6-06ba12ee9e80.FPKM.txt.gz	Transcriptome Profiling	Gene Expression Quantification	ORGANOID-PANCREATIC	8	S172	Next Generation Cancer Model
877991ec-ea89-4e1f-9670-61572f8ed59e	955f9541-b394-4b28-90de-9101d24f72ad.FPKM.txt.gz	Transcriptome Profiling	Gene Expression Quantification	ORGANOID-PANCREATIC	39	S176	Next Generation Cancer Model
83d62871-24b4-49bd-9c1e-5be85fd018c8	bf13bb79-70b4-4e50-aa11-b07933398cc1.FPKM.txt.gz	Transcriptome Profiling	Gene Expression Quantification	ORGANOID-PANCREATIC	59	S218	Next Generation Cancer Model
73b3aab2-743b-47d5-a617-4122e34a2033	f614399c-b5dc-4f38-aace-83f8db3b841a.FPKM.txt.gz	Transcriptome Profiling	Gene Expression Quantification	ORGANOID-PANCREATIC	57	S200	Next Generation Cancer Model
250d2327-73f6-4d2c-927a-6e49fbd8d249	044f8701-5e9f-4300-beb2-41fef8096685.FPKM.txt.gz	Transcriptome Profiling	Gene Expression Quantification	ORGANOID-PANCREATIC	41	S168	Next Generation Cancer Model
8be3dfe0-9657-4264-a496-992cf42c9884	1215145b-b5bb-4cbf-922f-64722c537ee3.FPKM.txt.gz	Transcriptome Profiling	Gene Expression Quantification	ORGANOID-PANCREATIC	58	S180	Next Generation Cancer Model
3a344ab7-c366-470b-8ce0-e69ba97d9924	bc06ad7f-7af9-4e8c-8bbe-908faf0d7edc.FPKM.txt.gz	Transcriptome Profiling	Gene Expression Quantification	ORGANOID-PANCREATIC	34	S175	Next Generation Cancer Model
8f32a62f-bce3-4be4-9ee4-35a6901437c8	ec392d74-9f55-4363-a8bb-62bb4716343c.FPKM.txt.gz	Transcriptome Profiling	Gene Expression Quantification	ORGANOID-PANCREATIC	27	S224	Next Generation Cancer Model
18f62c21-1343-4e18-8d48-cd69a3300344	9d26edab-7937-423c-8b5a-ac333211a29b.FPKM.txt.gz	Transcriptome Profiling	Gene Expression Quantification	ORGANOID-PANCREATIC	26	S223	Next Generation Cancer Model
cb6910fd-9a97-45af-9dfa-0cd167a5fafa	f7b2476f-2087-4e10-8571-bd8e1fcbb835.FPKM.txt.gz	Transcriptome Profiling	Gene Expression Quantification	ORGANOID-PANCREATIC	59	S227	Next Generation Cancer Model
5cc49dd9-9d11-4e0e-b725-5741b5183e67	21f045a3-cf78-47f9-b36d-d0b3f1e35060.FPKM.txt.gz	Transcriptome Profiling	Gene Expression Quantification	ORGANOID-PANCREATIC	45	S212	Next Generation Cancer Model
84d49bb4-5df5-4af3-8a24-e08fd6d67aff	40c3d223-a76c-4433-a18a-ca45d03072fa.FPKM.txt.gz	Transcriptome Profiling	Gene Expression Quantification	ORGANOID-PANCREATIC	62	S181	Next Generation Cancer Model
5185e722-da72-41e6-95d3-5e86df39f16a	19627314-9c27-46fc-88c7-a4a4129734f8.FPKM.txt.gz	Transcriptome Profiling	Gene Expression Quantification	ORGANOID-PANCREATIC	37	S221	Next Generation Cancer Model
35d909d3-185c-43b5-b91b-4ad9fc287735	30471596-3380-456a-8e55-2925b108e017.FPKM.txt.gz	Transcriptome Profiling	Gene Expression Quantification	ORGANOID-PANCREATIC	13	S195	Next Generation Cancer Model
ad6d9fcb-6e79-48fe-8d35-774bc61a6c6e	07aaf5cd-83c5-4784-b7a7-324d056e7019.FPKM.txt.gz	Transcriptome Profiling	Gene Expression Quantification	ORGANOID-PANCREATIC	15	S216	Next Generation Cancer Model
4ec596e9-7f37-4301-9ff0-f8892c7c5634	a6707dd6-9c95-4950-a984-67b5c1b41598.FPKM.txt.gz	Transcriptome Profiling	Gene Expression Quantification	ORGANOID-PANCREATIC	43	S222	Next Generation Cancer Model
4435be1e-0e1d-48cb-8b63-33e66506afbd	018e080c-09c4-4911-9025-b5a2384ed71b.FPKM.txt.gz	Transcriptome Profiling	Gene Expression Quantification	ORGANOID-PANCREATIC	20	S204	Next Generation Cancer Model
d583af9e-12d5-4565-8bc2-7f027ce9ef09	d7c7d4b8-19a5-4926-b215-067bd1d16c5a.FPKM.txt.gz	Transcriptome Profiling	Gene Expression Quantification	ORGANOID-PANCREATIC	2	S171	Next Generation Cancer Model
f0cf4a6e-6014-4f0b-ada0-06af243307d8	719f7392-0c7b-4529-99c3-b3db6c42b382.FPKM.txt.gz	Transcriptome Profiling	Gene Expression Quantification	ORGANOID-PANCREATIC	10	S173	Next Generation Cancer Model
f87357a0-a316-48d3-b9fb-44668e164f44	38b05dca-6d3f-4999-aded-0870bfd8f7e7.FPKM.txt.gz	Transcriptome Profiling	Gene Expression Quantification	ORGANOID-PANCREATIC	68	S192	Next Generation Cancer Model
e6651f13-3064-4dd6-ad39-b4838246ecf8	33aea564-8086-4b2d-a28d-eccc379ecfa6.FPKM.txt.gz	Transcriptome Profiling	Gene Expression Quantification	ORGANOID-PANCREATIC	11	S202	Next Generation Cancer Model
1bcf0b95-4954-4f7c-969f-bed1ff72a319	6b2583f1-bbea-4020-ad73-8a59589b8cc3.FPKM.txt.gz	Transcriptome Profiling	Gene Expression Quantification	ORGANOID-PANCREATIC	36	S166	Next Generation Cancer Model
f41668a6-2436-4ff0-9725-4be407552946	dd3f3d1f-12b8-4cc7-9f4c-105faef04a51.FPKM.txt.gz	Transcriptome Profiling	Gene Expression Quantification	ORGANOID-PANCREATIC	70	S215	Next Generation Cancer Model
fbcb78d1-e753-4dc9-b7c5-daadd0a57966	fc29320e-ef34-49e4-97a8-642487dcc95a.FPKM.txt.gz	Transcriptome Profiling	Gene Expression Quantification	ORGANOID-PANCREATIC	1	S183	Next Generation Cancer Model
4a04a8b4-8601-4906-8370-dc1518982441	84bba63e-1ed1-4832-9559-d7752cc741b2.FPKM.txt.gz	Transcriptome Profiling	Gene Expression Quantification	ORGANOID-PANCREATIC	19	S217	Next Generation Cancer Model
10a9502e-7462-463a-97a6-9ae4227c7d22	11c215d3-3a8d-43e5-8227-f8e993e1e021.FPKM.txt.gz	Transcriptome Profiling	Gene Expression Quantification	ORGANOID-PANCREATIC	3	S193	Next Generation Cancer Model
5b51df4f-99be-4e60-a8f2-30ff04e35cd4	62e3c932-a358-4e79-855e-8f4e4ba12e67.FPKM.txt.gz	Transcriptome Profiling	Gene Expression Quantification	ORGANOID-PANCREATIC	9	S194	Next Generation Cancer Model
a62b2836-27c7-47bd-b8a0-5106b32cd652	ec21019e-472d-4f1f-8cfc-bf4dd8bee7ab.FPKM.txt.gz	Transcriptome Profiling	Gene Expression Quantification	ORGANOID-PANCREATIC	69	S160	Next Generation Cancer Model
ebc46cee-865e-4cb9-a9f4-9cafd238323a	8236bc9d-2156-4991-a5eb-223e02229b3a.FPKM.txt.gz	Transcriptome Profiling	Gene Expression Quantification	ORGANOID-PANCREATIC	59	S205	Next Generation Cancer Model
bbe8efbb-6935-4372-b094-c505b28f16f5	26345bdf-1219-4668-b714-5b983a2694ff.FPKM.txt.gz	Transcriptome Profiling	Gene Expression Quantification	ORGANOID-PANCREATIC	16	S163	Next Generation Cancer Model
9cedafdf-7766-42d2-8537-102f4364a9b0	9c110cd2-aca9-4fa4-8035-193554239aac.FPKM.txt.gz	Transcriptome Profiling	Gene Expression Quantification	ORGANOID-PANCREATIC	25	S208	Next Generation Cancer Model
6891f365-b1d7-41a9-8fa1-e31502aaeaef	3a2a9bd4-5772-4db6-afda-c62df6fa42cb.FPKM.txt.gz	Transcriptome Profiling	Gene Expression Quantification	HCMI-CMDC	HCM-CSHL-0090-C25	HCM-CSHL-0090-C25-85A	Next Generation Cancer Model
275b5b9b-fd4b-4bfa-9d15-353bbe1318d7	2478cbbb-bfff-44c9-b13f-7dcd2b2dc033.FPKM.txt.gz	Transcriptome Profiling	Gene Expression Quantification	HCMI-CMDC	HCM-BROD-0344-C25	HCM-BROD-0344-C25-85A	Next Generation Cancer Model
194190e4-bb24-4dfd-94d0-cf3ffeb37796	3501182f-4122-455a-a059-911a81d68923.FPKM.txt.gz	Transcriptome Profiling	Gene Expression Quantification	HCMI-CMDC	HCM-CSHL-0092-C25	HCM-CSHL-0092-C25-01A	Primary Tumor
f052e9e6-2641-43b7-a18f-d8ad98807531	f940707e-d753-4c96-a442-737f83fa7fdd.FPKM.txt.gz	Transcriptome Profiling	Gene Expression Quantification	HCMI-CMDC	HCM-CSHL-0094-C25	HCM-CSHL-0094-C25-85A	Next Generation Cancer Model
6fd7c483-32ce-4609-a9b4-284ba0a6134d	bab88a03-1c03-45ba-8110-33e2da64c9b1.FPKM.txt.gz	Transcriptome Profiling	Gene Expression Quantification	HCMI-CMDC	HCM-CSHL-0092-C25	HCM-CSHL-0092-C25-85A	Next Generation Cancer Model
0ba3ac3b-4257-4e8b-bc80-ab89da55f607	dec7dc53-a480-493c-98ca-785db6a82c6d.FPKM.txt.gz	Transcriptome Profiling	Gene Expression Quantification	HCMI-CMDC	HCM-CSHL-0079-C25	HCM-CSHL-0079-C25-01A	Primary Tumor
44f76077-effd-456f-9ad3-8f92c424b3d8	d82fe12e-60cc-40a0-840d-fb2daadd317a.FPKM.txt.gz	Transcriptome Profiling	Gene Expression Quantification	HCMI-CMDC	HCM-CSHL-0093-C25	HCM-CSHL-0093-C25-85A	Next Generation Cancer Model
e8be52f6-49ea-4a5a-8007-640ce03ed29c	269af39a-2a96-4395-9038-072efe604b47.FPKM.txt.gz	Transcriptome Profiling	Gene Expression Quantification	HCMI-CMDC	HCM-CSHL-0094-C25	HCM-CSHL-0094-C25-01A	Primary Tumor
0212ee68-6b55-496b-a421-e6dee0188bdf	c9f1e3a2-6170-4654-a14e-af4091ce86c1.FPKM.txt.gz	Transcriptome Profiling	Gene Expression Quantification	HCMI-CMDC	HCM-BROD-0124-C25	HCM-BROD-0124-C25-01A	Primary Tumor
c2f30772-8381-4920-9469-e601fd958322	0b5de7cc-fcda-407e-9eaf-54bf344a5fc8.FPKM.txt.gz	Transcriptome Profiling	Gene Expression Quantification	HCMI-CMDC	HCM-CSHL-0089-C25	HCM-CSHL-0089-C25-85A	Next Generation Cancer Model
72e02e54-d1e4-4228-8e68-01c1e405e83a	fadcac24-e1a5-44f5-8c02-bd9dac38c5d3.FPKM.txt.gz	Transcriptome Profiling	Gene Expression Quantification	HCMI-CMDC	HCM-CSHL-0089-C25	HCM-CSHL-0089-C25-06A	Metastatic
0e4e8215-f5ec-496c-ad7f-bb2ad2b64088	417b35a1-a12e-4b7b-8730-d175e6a33f6c.FPKM.txt.gz	Transcriptome Profiling	Gene Expression Quantification	HCMI-CMDC	HCM-CSHL-0091-C25	HCM-CSHL-0091-C25-85A	Next Generation Cancer Model
b05b7658-9a37-4ac4-8617-b71ed435d3c0	3efca363-a626-492f-a0e5-38910d499dc2.FPKM.txt.gz	Transcriptome Profiling	Gene Expression Quantification	HCMI-CMDC	HCM-CSHL-0094-C25	HCM-CSHL-0094-C25-86A	Expanded Next Generation Cancer Model
4559e0cf-e33e-4a49-818a-ef64e4a67c8c	11c6bb1c-8a43-487b-961d-e05870eacedd.FPKM.txt.gz	Transcriptome Profiling	Gene Expression Quantification	HCMI-CMDC	HCM-CSHL-0089-C25	HCM-CSHL-0089-C25-01A	Primary Tumor
4efc0d75-407b-4995-9b20-15316ac02ddc	3263851d-9873-4e4b-93d8-c58cd70b00c6.FPKM.txt.gz	Transcriptome Profiling	Gene Expression Quantification	CPTAC-3	C3L-02610	C3L-02610-04	Solid Tissue Normal
ea291e74-a537-4d64-9f21-a6c89f785105	6b83b64c-03d6-4108-84b6-281758bf3d75.FPKM.txt.gz	Transcriptome Profiling	Gene Expression Quantification	CPTAC-3	C3N-04283	C3N-04283-04	Solid Tissue Normal
64e7ceee-1f09-4ecb-a8ba-33d6a081a878	4ac97119-35ba-4235-9f43-4883215bc959.FPKM.txt.gz	Transcriptome Profiling	Gene Expression Quantification	CPTAC-3	C3N-03069	C3N-03069-03	Solid Tissue Normal
a15cb368-045c-4a53-8a25-dd3a00eb1630	11792818-051b-41b2-af7b-8b0d186c0814.FPKM.txt.gz	Transcriptome Profiling	Gene Expression Quantification	CPTAC-3	C3L-03639, C3L-03639, C3L-03639	C3L-03639-02, C3L-03639-03, C3L-03639-01	Primary Tumor, Primary Tumor, Primary Tumor
32ae5bc7-5f85-4d18-930b-9e6c3a66ba28	2614badf-59cf-4308-8643-1f460a408552.FPKM.txt.gz	Transcriptome Profiling	Gene Expression Quantification	CPTAC-3	C3N-01012, C3N-01012	C3N-01012-01, C3N-01012-02	Primary Tumor, Primary Tumor
8b11b60a-fb97-4f84-8c1c-e5b33de08e2c	c86e2ce0-0180-40e0-b8ee-f05ad929323b.FPKM.txt.gz	Transcriptome Profiling	Gene Expression Quantification	CPTAC-3	C3L-00881, C3L-00881	C3L-00881-71, C3L-00881-73	Primary Tumor, Primary Tumor
8f66d6d9-0e65-469c-812c-a7dc2c326b62	c90a3c07-8b2f-4420-b756-8ee25517da9d.FPKM.txt.gz	Transcriptome Profiling	Gene Expression Quantification	CPTAC-3	C3L-07037	C3L-07037-01	Solid Tissue Normal
5aea92c0-6e71-4eae-8431-e220db4af233	d43a1bfd-f32c-4a87-a560-6a3a5ca460a2.FPKM.txt.gz	Transcriptome Profiling	Gene Expression Quantification	CPTAC-3	C3N-03069	C3N-03069-01	Primary Tumor
0aa0ed5f-e784-4ddd-8dee-6eb0baa70eeb	af8776a9-34de-478c-bbc0-ca9846da700f.FPKM.txt.gz	Transcriptome Profiling	Gene Expression Quantification	CPTAC-3	C3N-02573, C3N-02573	C3N-02573-01, C3N-02573-02	Primary Tumor, Primary Tumor
6ecbb169-a66f-440a-a925-a74a53163604	c4a35b50-381b-4c4a-b5db-7a5158fef40e.FPKM.txt.gz	Transcriptome Profiling	Gene Expression Quantification	CPTAC-3	C3N-02295	C3N-02295-04	Primary Tumor
b191fbb5-71cc-415c-a794-9057661132a0	ef58c833-5530-4875-8f38-9544ab0fbda1.FPKM.txt.gz	Transcriptome Profiling	Gene Expression Quantification	CPTAC-3	C3L-00102	C3L-00102-06	Solid Tissue Normal
d2a199fe-ce59-4b26-8d1e-0892c98ab82c	27700dac-3ad4-4777-b17c-22087bd75bfb.FPKM.txt.gz	Transcriptome Profiling	Gene Expression Quantification	CPTAC-3	C3L-03628, C3L-03628	C3L-03628-01, C3L-03628-02	Primary Tumor, Primary Tumor
7ed41bae-ae60-4cdf-8b82-b10ee943fcaf	6af5c39e-3fe1-40a4-afcc-e77ad46c0182.FPKM.txt.gz	Transcriptome Profiling	Gene Expression Quantification	CPTAC-3	C3N-00513, C3N-00513	C3N-00513-04, C3N-00513-03	Primary Tumor, Primary Tumor
fc2d150c-efb9-451b-ad66-bcd89b127fbf	b6d212fc-b211-4fd0-8434-0891b689d4d4.FPKM.txt.gz	Transcriptome Profiling	Gene Expression Quantification	CPTAC-3	C3L-01637	C3L-01637-06	Solid Tissue Normal
10d7518d-35ec-479b-b07b-69344024612e	387dfadc-445b-48e4-90be-7e7ec4a4e87d.FPKM.txt.gz	Transcriptome Profiling	Gene Expression Quantification	CPTAC-3	C3N-00302	C3N-00302-02	Primary Tumor
f4f6d090-f3e6-462e-8750-c25f6136abd2	af893b6e-f47c-45d7-a12e-32dc38279189.FPKM.txt.gz	Transcriptome Profiling	Gene Expression Quantification	CPTAC-3	C3N-01168	C3N-01168-02	Primary Tumor
85011dc8-46e5-476c-8324-4a23df097e89	c4303a12-1ed2-426d-a7c3-1f3ba79fb6dc.FPKM.txt.gz	Transcriptome Profiling	Gene Expression Quantification	CPTAC-3	C3N-04119	C3N-04119-02	Primary Tumor
00f4db49-cd11-45ee-8191-b0ebfb519867	0c4064ce-0402-41cc-88d6-bfb684527509.FPKM.txt.gz	Transcriptome Profiling	Gene Expression Quantification	CPTAC-3	C3L-02610, C3L-02610	C3L-02610-03, C3L-02610-01	Primary Tumor, Primary Tumor
eee96f59-7ae4-4b92-8fcf-289b79d448ce	01409f87-3878-4829-ab3f-118a0307ba80.FPKM.txt.gz	Transcriptome Profiling	Gene Expression Quantification	CPTAC-3	C3L-00928	C3L-00928-03	Primary Tumor
bd6b90a8-cfea-48ba-a91b-36c13ce402ec	08146753-d589-4d0f-bb12-304f08f01e9b.FPKM.txt.gz	Transcriptome Profiling	Gene Expression Quantification	CPTAC-3	C3N-02010	C3N-02010-03	Primary Tumor
1882f50b-8481-4217-832a-124505b3cb7f	107ada72-0710-47a9-85fb-ba77712eb02f.FPKM.txt.gz	Transcriptome Profiling	Gene Expression Quantification	CPTAC-3	C3N-00957	C3N-00957-01	Primary Tumor
df520b84-2752-4a04-ae79-3dacc24e1d38	6a6b6658-7976-4f50-af87-d41dc96fb97e.FPKM.txt.gz	Transcriptome Profiling	Gene Expression Quantification	CPTAC-3	C3L-00102	C3L-00102-01	Primary Tumor
e090fb8f-97fc-4665-b4dc-0c53b0696565	b70d56ee-fb65-44db-9def-3a8625f95b49.FPKM.txt.gz	Transcriptome Profiling	Gene Expression Quantification	CPTAC-3	C3L-02613	C3L-02613-04	Solid Tissue Normal
c8a289fe-5900-4a29-88da-8eda60c4e792	3964d7cd-76a7-4d4f-bd80-9738d2055fe4.FPKM.txt.gz	Transcriptome Profiling	Gene Expression Quantification	CPTAC-3	C3L-01703, C3L-01703	C3L-01703-02, C3L-01703-03	Primary Tumor, Primary Tumor
bbfbf8f7-c1b8-4f7e-9d30-92a784e1d8d9	c7a25b7e-83df-47e5-9f5f-f32e5df3ff8c.FPKM.txt.gz	Transcriptome Profiling	Gene Expression Quantification	CPTAC-3	C3N-03039	C3N-03039-01	Primary Tumor
cae50a0b-9dca-4881-80d8-5540cfadf2d4	e23ec6ca-fb50-41c0-bcd8-07967748c957.FPKM.txt.gz	Transcriptome Profiling	Gene Expression Quantification	CPTAC-3	C3N-02971	C3N-02971-01	Primary Tumor
0a534898-f846-4305-bcea-8063f1e3415d	8965675a-e0f5-422f-add0-d1998fa0f0a0.FPKM.txt.gz	Transcriptome Profiling	Gene Expression Quantification	CPTAC-3	C3N-01167, C3N-01167	C3N-01167-01, C3N-01167-02	Primary Tumor, Primary Tumor
56855900-eafb-4906-bf00-1efb9ecc0862	4b718cd5-3176-4f3a-b293-20a4bec0229a.FPKM.txt.gz	Transcriptome Profiling	Gene Expression Quantification	CPTAC-3	C3N-03839, C3N-03839, C3N-03839	C3N-03839-05, C3N-03839-01, C3N-03839-02	Primary Tumor, Primary Tumor, Primary Tumor
08a644ca-34c7-4f2d-bafd-02b94b7b9a5c	40219d64-af9f-4b08-977b-da2f5b7c652d.FPKM.txt.gz	Transcriptome Profiling	Gene Expression Quantification	CPTAC-3	C3L-01328	C3L-01328-03	Solid Tissue Normal
21024028-f38b-4e03-87d5-ea3b389ba8b9	566b6295-28a9-4a1a-b034-2c19bfa18d06.FPKM.txt.gz	Transcriptome Profiling	Gene Expression Quantification	CPTAC-3	C3L-00622, C3L-00622	C3L-00622-01, C3L-00622-03	Primary Tumor, Primary Tumor
74cc0621-a9c9-41ac-8811-0335f6738b2b	5251f53a-5441-4831-8a63-bbf026764dce.FPKM.txt.gz	Transcriptome Profiling	Gene Expression Quantification	CPTAC-3	C3L-02112, C3L-02112	C3L-02112-03, C3L-02112-02	Primary Tumor, Primary Tumor
a6ffc326-7ffe-404a-a914-f4265d781653	77c592f6-a548-4ae5-b319-c40a4e88b0fc.FPKM.txt.gz	Transcriptome Profiling	Gene Expression Quantification	CPTAC-3	C3L-01037	C3L-01037-01	Primary Tumor
103ef129-e87d-4197-9158-aa9a3435628a	581a446a-7311-4766-8540-237ff4a82115.FPKM.txt.gz	Transcriptome Profiling	Gene Expression Quantification	CPTAC-3	C3N-01502	C3N-01502-01	Primary Tumor
0c4e5302-4696-4e0f-8473-8310b63032a1	0d5712d6-ed95-4a97-85a6-bb98aa46f34f.FPKM.txt.gz	Transcriptome Profiling	Gene Expression Quantification	CPTAC-3	C3L-03123	C3L-03123-02	Primary Tumor
d0713911-281d-4a10-adec-50d185253654	b9a33496-48f3-4079-80fb-a14f951083d4.FPKM.txt.gz	Transcriptome Profiling	Gene Expression Quantification	CPTAC-3	C3L-01036	C3L-01036-01	Primary Tumor
93f63aaa-fa53-4366-93c2-bb6dee37042e	a62ec151-092a-44f9-ab1b-9a0a215c99f4.FPKM.txt.gz	Transcriptome Profiling	Gene Expression Quantification	CPTAC-3	C3L-02897	C3L-02897-01	Primary Tumor
502ddf9f-cf79-4d3e-9ff4-ecc72cbd7d8f	ccab256e-bee3-46f1-b55e-d2c69f27a181.FPKM.txt.gz	Transcriptome Profiling	Gene Expression Quantification	CPTAC-3	C3L-00189, C3L-00189, C3L-00189	C3L-00189-02, C3L-00189-01, C3L-00189-03	Primary Tumor, Primary Tumor, Primary Tumor
810160d8-f61c-4b2c-8a12-0abd5b1f4c89	c713ff5a-fd0c-4a45-9dae-3db8071d23bc.FPKM.txt.gz	Transcriptome Profiling	Gene Expression Quantification	CPTAC-3	C3L-01637, C3L-01637	C3L-01637-02, C3L-01637-03	Primary Tumor, Primary Tumor
efdde833-8516-438c-875f-78c9dbd95fdf	237c6ba2-2076-4b72-afb7-df0af298da66.FPKM.txt.gz	Transcriptome Profiling	Gene Expression Quantification	CPTAC-3	C3L-02899	C3L-02899-06	Solid Tissue Normal
76dbf45d-b5b2-49bc-83a4-48fc2387a268	78f976bc-a9a7-4e49-af46-93cf112a55fc.FPKM.txt.gz	Transcriptome Profiling	Gene Expression Quantification	CPTAC-3	C3L-02463	C3L-02463-05	Solid Tissue Normal
9dd3b72e-e3e4-4f36-9c9c-c19a6130d76d	467d8efa-b075-443c-8395-17f56c3bcb65.FPKM.txt.gz	Transcriptome Profiling	Gene Expression Quantification	CPTAC-3	C3L-01124	C3L-01124-01	Primary Tumor
fd1b0a6b-f64a-4782-a6db-4c785cb97b3a	0fbce763-b5e8-4692-96e2-3377e7262fae.FPKM.txt.gz	Transcriptome Profiling	Gene Expression Quantification	CPTAC-3	C3L-00640, C3L-00640	C3L-00640-01, C3L-00640-03	Primary Tumor, Primary Tumor
1e9312ce-989a-46ad-8064-2fc9b6f8612b	76a46f8a-2ce3-4147-a252-0c2392c3f9da.FPKM.txt.gz	Transcriptome Profiling	Gene Expression Quantification	CPTAC-3	C3L-00401, C3L-00401, C3L-00401	C3L-00401-02, C3L-00401-03, C3L-00401-01	Primary Tumor, Primary Tumor, Primary Tumor
b1a4c941-d85d-4c0e-9def-1fdf316d2d98	6a656ea2-5a51-46b4-9bd3-08612e42b70f.FPKM.txt.gz	Transcriptome Profiling	Gene Expression Quantification	CPTAC-3	C3N-01011	C3N-01011-06	Solid Tissue Normal
13e719db-2105-4916-b400-652716d1f2f5	21d19126-de68-47d7-ad01-5ecba719063a.FPKM.txt.gz	Transcriptome Profiling	Gene Expression Quantification	CPTAC-3	C3N-01998	C3N-01998-01	Solid Tissue Normal
476fa5e9-26a5-43e0-b5cb-f7be80e7e1fd	8fc20125-4c4c-4a40-bd8e-e2d3b12065db.FPKM.txt.gz	Transcriptome Profiling	Gene Expression Quantification	CPTAC-3	C3L-00017	C3L-00017-04	Solid Tissue Normal
7ecd8207-ffc4-4376-ae4b-79304a8dd1a2	b0433d0f-139d-4026-98eb-584527b912a9.FPKM.txt.gz	Transcriptome Profiling	Gene Expression Quantification	CPTAC-3	C3N-02998	C3N-02998-03	Primary Tumor
d177bc62-3d7b-4c31-9e86-2bb6ef825178	ed960c97-1ed7-4207-90c8-dd15603a6477.FPKM.txt.gz	Transcriptome Profiling	Gene Expression Quantification	CPTAC-3	C3N-03190, C3N-03190	C3N-03190-01, C3N-03190-02	Primary Tumor, Primary Tumor
70609a84-1bad-41b6-8981-dc29e7dbb3b0	8741a08d-6a02-41f1-af3a-2393fe5ed835.FPKM.txt.gz	Transcriptome Profiling	Gene Expression Quantification	CPTAC-3	C3N-00518	C3N-00518-01	Primary Tumor
23a5ed0a-5154-4e92-848a-7dae9b5cd73c	49b93b91-48c1-4b9c-b5e0-f35a46e09a1a.FPKM.txt.gz	Transcriptome Profiling	Gene Expression Quantification	CPTAC-3	C3L-01328	C3L-01328-01	Primary Tumor
1a775ffa-9c3e-4fe5-8f1b-2a12fdf8591d	1095bcf0-e8af-4a73-bd9e-b7ef980c0675.FPKM.txt.gz	Transcriptome Profiling	Gene Expression Quantification	CPTAC-3	C3L-01053	C3L-01053-01	Primary Tumor
eee2ca1a-a440-431a-a5ee-23e55b9b7d72	2834d475-0763-4e8d-892d-482c4af54825.FPKM.txt.gz	Transcriptome Profiling	Gene Expression Quantification	CPTAC-3	C3N-00198	C3N-00198-06	Solid Tissue Normal
53c0d870-10da-451b-a685-4bb6a7370ef7	8673ce8c-314b-4eb9-980f-e62fc322359a.FPKM.txt.gz	Transcriptome Profiling	Gene Expression Quantification	CPTAC-3	C3N-02579	C3N-02579-02	Primary Tumor
d882b865-2f55-4ddb-bb2d-a6a4fd7789c9	ca20b007-53a4-41c0-9010-72720ed29f69.FPKM.txt.gz	Transcriptome Profiling	Gene Expression Quantification	CPTAC-3	C3N-03173	C3N-03173-06	Solid Tissue Normal
4c307f52-4a1f-4f5e-95ba-c1b4da1a59e8	e93ac4fd-c2d6-4c25-8881-be8710126e64.FPKM.txt.gz	Transcriptome Profiling	Gene Expression Quantification	CPTAC-3	C3N-03780	C3N-03780-04	Solid Tissue Normal
49149f90-13db-4c24-a77c-a5a0fdc80b03	ea5d3610-267d-4779-a880-272f82f9a490.FPKM.txt.gz	Transcriptome Profiling	Gene Expression Quantification	CPTAC-3	C3N-00518	C3N-00518-05	Solid Tissue Normal
6455c830-c231-4d6c-950d-eec40ce6d71d	bef06d8d-f8f1-4988-9e72-f00061fe77a7.FPKM.txt.gz	Transcriptome Profiling	Gene Expression Quantification	CPTAC-3	C3L-03356	C3L-03356-02	Primary Tumor
3c90e2bc-58c5-4213-a024-7c62117ce948	705c6c97-a5e3-4e67-8470-cafaa5902b9e.FPKM.txt.gz	Transcriptome Profiling	Gene Expression Quantification	CPTAC-3	C3L-01689	C3L-01689-04	Solid Tissue Normal
1ae01449-b28f-4590-8e43-8eb1324f9968	c6799a40-7c01-4986-8a54-dcb6d0a5076a.FPKM.txt.gz	Transcriptome Profiling	Gene Expression Quantification	CPTAC-3	C3N-03428, C3N-03428	C3N-03428-02, C3N-03428-01	Primary Tumor, Primary Tumor
a420ff69-c464-46f5-bb77-6ea324a6cd38	63026d5d-4b3d-4ce9-8ead-712d7e2f31c3.FPKM.txt.gz	Transcriptome Profiling	Gene Expression Quantification	CPTAC-3	C3N-00303	C3N-00303-01	Primary Tumor
2cab4b2f-c92a-4676-ae32-cc128464f0be	da93966f-b278-4ed3-ad74-2a6726a06a86.FPKM.txt.gz	Transcriptome Profiling	Gene Expression Quantification	CPTAC-3	C3L-01052	C3L-01052-02	Primary Tumor
b596b4da-dd3c-41b0-a54b-82ec537583b7	2015868f-b504-49d1-ab0c-bda63146f87c.FPKM.txt.gz	Transcriptome Profiling	Gene Expression Quantification	CPTAC-3	C3N-02592	C3N-02592-01	Primary Tumor
6a664f9d-ab57-4a40-a7c4-d8422f04c671	ef332f33-707e-4826-ba36-b47c2011f261.FPKM.txt.gz	Transcriptome Profiling	Gene Expression Quantification	CPTAC-3	C3N-01714	C3N-01714-02	Primary Tumor
a37e9208-b1c3-40a6-b07e-b423db5e97d3	5eff4cdd-570c-4459-a1a2-dfcdc33af690.FPKM.txt.gz	Transcriptome Profiling	Gene Expression Quantification	CPTAC-3	C3L-04080, C3L-04080	C3L-04080-03, C3L-04080-02	Primary Tumor, Primary Tumor
e2db2dc8-e965-43d7-a287-950bcb7331cf	f53941c5-04da-4bf4-a8f7-239f0e84f828.FPKM.txt.gz	Transcriptome Profiling	Gene Expression Quantification	CPTAC-3	C3L-01031	C3L-01031-01	Primary Tumor
4991bb75-f7a2-429a-89e0-8c4bc8782484	45ae1aa0-546d-4d5b-b47c-e3ba2081d7c9.FPKM.txt.gz	Transcriptome Profiling	Gene Expression Quantification	CPTAC-3	C3L-03632, C3L-03632	C3L-03632-03, C3L-03632-02	Primary Tumor, Primary Tumor
81e14514-ba53-47e8-87ed-05fbce4d6e26	c8dd1662-0b29-4713-b805-c8f0e9eb4357.FPKM.txt.gz	Transcriptome Profiling	Gene Expression Quantification	CPTAC-3	C3N-03665	C3N-03665-01	Primary Tumor
cf4d3b22-f2a8-4799-b090-4a03631d90bd	1f1729d4-8484-44f9-bcb6-ac831164fbee.FPKM.txt.gz	Transcriptome Profiling	Gene Expression Quantification	CPTAC-3	C3N-03754	C3N-03754-01	Primary Tumor
145921a0-fbb6-4312-9173-cb9756a436d4	53c15031-c55b-47fe-bc3f-9cd0bae6b110.FPKM.txt.gz	Transcriptome Profiling	Gene Expression Quantification	CPTAC-3	C3L-03388	C3L-03388-02	Primary Tumor
f66b91fd-39f5-4931-8523-5fb1e9cf2eb9	4f0781aa-30dd-43df-9f65-0d64b5ac7dba.FPKM.txt.gz	Transcriptome Profiling	Gene Expression Quantification	CPTAC-3	C3L-02116, C3L-02116	C3L-02116-03, C3L-02116-01	Primary Tumor, Primary Tumor
2775cefb-b6c2-491e-8160-89ee502c54fb	7fcb2cd1-d79a-4b65-9e92-6a0db506fcc3.FPKM.txt.gz	Transcriptome Profiling	Gene Expression Quantification	CPTAC-3	C3N-00436	C3N-00436-05	Solid Tissue Normal
2bcc8486-bccf-49a4-82ab-c3baa634c9c4	c28c346c-fd33-4ba5-8ea7-737214ce54cb.FPKM.txt.gz	Transcriptome Profiling	Gene Expression Quantification	CPTAC-3	C3N-01998, C3N-01998	C3N-01998-02, C3N-01998-03	Primary Tumor, Primary Tumor
44410cab-18c8-4818-b459-1e12f2bc0418	3968103d-01b8-4d6c-b86e-a7eb3c520369.FPKM.txt.gz	Transcriptome Profiling	Gene Expression Quantification	CPTAC-3	C3N-02940, C3N-02940	C3N-02940-02, C3N-02940-01	Primary Tumor, Primary Tumor
13dcd2a3-c38d-4575-bf25-78caa83db9ad	e7632be9-fab4-4a7c-8610-6e4c430fb5fb.FPKM.txt.gz	Transcriptome Profiling	Gene Expression Quantification	CPTAC-3	C3L-02118, C3L-02118	C3L-02118-01, C3L-02118-02	Primary Tumor, Primary Tumor
495feff5-6d5f-4648-81d8-8055f83c3cb5	8f93838b-38e9-461a-a8ff-eb51680e45ab.FPKM.txt.gz	Transcriptome Profiling	Gene Expression Quantification	CPTAC-3	C3N-03061, C3N-03061	C3N-03061-02, C3N-03061-01	Primary Tumor, Primary Tumor
a371e561-99ea-4a77-8816-70336b3923d5	5a4a3068-adf4-41d0-95ae-7a6c5e198f9a.FPKM.txt.gz	Transcriptome Profiling	Gene Expression Quantification	CPTAC-3	C3N-00249	C3N-00249-03	Primary Tumor
e3ec5e44-2687-4398-ab91-eb9840be4f51	5769d6ba-9aed-4298-af4e-c3baff38fc20.FPKM.txt.gz	Transcriptome Profiling	Gene Expression Quantification	CPTAC-3	C3L-04479, C3L-04479	C3L-04479-02, C3L-04479-01	Primary Tumor, Primary Tumor
e717a3e6-95c0-477f-8cb1-3793540a2a71	df6e72f4-62b5-4d22-bf60-d2f452664470.FPKM.txt.gz	Transcriptome Profiling	Gene Expression Quantification	CPTAC-3	C3N-03006	C3N-03006-02	Primary Tumor
3faeb829-277c-41c8-bce9-f8c9df57e575	1c838af2-a56c-46dc-bc5f-a92fdf2549c8.FPKM.txt.gz	Transcriptome Profiling	Gene Expression Quantification	CPTAC-3	C3L-03123	C3L-03123-04	Solid Tissue Normal
7e239598-4dcf-422c-8ea6-c393815e70f4	0a22496f-c3de-4816-9e47-5d0322a9d8f8.FPKM.txt.gz	Transcriptome Profiling	Gene Expression Quantification	CPTAC-3	C3N-03430	C3N-03430-02	Primary Tumor
ce0a46df-cf1b-4136-91d9-a9c60666a8af	d1870364-fd94-43b0-baf3-e33f7476944d.FPKM.txt.gz	Transcriptome Profiling	Gene Expression Quantification	CPTAC-3	C3N-01719	C3N-01719-04	Primary Tumor
7a040c0c-83c7-4d2d-b6a4-cb1a85304872	7bb192f4-256d-4e0a-ae8c-5b70c43cbb61.FPKM.txt.gz	Transcriptome Profiling	Gene Expression Quantification	CPTAC-3	C3N-01719	C3N-01719-01	Solid Tissue Normal
5585449b-a0bc-47c2-ac43-b9cc38814177	ba92645f-ae42-450f-8b1a-58354da225ac.FPKM.txt.gz	Transcriptome Profiling	Gene Expression Quantification	CPTAC-3	C3L-02890, C3L-02890	C3L-02890-02, C3L-02890-01	Primary Tumor, Primary Tumor
dbab7f37-8733-443b-86ba-78c315781616	b2ee6d81-444f-45d2-93b5-142ebdbf9116.FPKM.txt.gz	Transcriptome Profiling	Gene Expression Quantification	CPTAC-3	C3N-00198	C3N-00198-02	Primary Tumor
675494a8-9971-4290-9574-594e0301f5a0	115b514a-c7e6-4257-99e2-a0cc9dfb2769.FPKM.txt.gz	Transcriptome Profiling	Gene Expression Quantification	CPTAC-3	C3N-01382	C3N-01382-01	Primary Tumor
ba73acb7-d1a0-4598-b271-4ac64b5c40ae	494dc84a-33c1-4e91-8ae3-8bc5936b45ba.FPKM.txt.gz	Transcriptome Profiling	Gene Expression Quantification	CPTAC-3	C3N-02768, C3N-02768	C3N-02768-02, C3N-02768-01	Primary Tumor, Primary Tumor
047eeece-d6ed-47a1-83a2-91355a3f5e22	04fac17a-1709-4068-bcb4-961cf262d78b.FPKM.txt.gz	Transcriptome Profiling	Gene Expression Quantification	CPTAC-3	C3N-03780	C3N-03780-01	Primary Tumor
51ac4779-e982-43b2-bb6a-dd4c63951651	5604e9ee-e520-47b3-b783-e02dde552ea2.FPKM.txt.gz	Transcriptome Profiling	Gene Expression Quantification	CPTAC-3	C3L-07036	C3L-07036-01	Solid Tissue Normal
85688f98-95c8-4f39-831d-22f835264ce8	cbca6eb2-006e-40ea-8183-49b786491183.FPKM.txt.gz	Transcriptome Profiling	Gene Expression Quantification	CPTAC-3	C3N-03000	C3N-03000-02	Primary Tumor
b50895c1-93b3-406b-9bc8-198f27fed63f	ff277e86-013c-4874-8ebb-93efdd97faea.FPKM.txt.gz	Transcriptome Profiling	Gene Expression Quantification	CPTAC-3	C3L-00598, C3L-00598	C3L-00598-02, C3L-00598-03	Primary Tumor, Primary Tumor
704c0107-31fa-47c4-aa7f-789447c53c38	0955fabd-3748-405d-9fa8-c66b84e6e4b5.FPKM.txt.gz	Transcriptome Profiling	Gene Expression Quantification	CPTAC-3	C3L-04080	C3L-04080-06	Solid Tissue Normal
99088e84-186a-402f-8a82-b60f9cb0169c	b077f1bc-98af-4b34-bca4-b3874aa1a486.FPKM.txt.gz	Transcriptome Profiling	Gene Expression Quantification	CPTAC-3	C3L-00017	C3L-00017-02	Primary Tumor
db47c656-7891-4e62-91f7-1ecf04549651	20071f6f-bef5-4be0-b599-ebee1bed8879.FPKM.txt.gz	Transcriptome Profiling	Gene Expression Quantification	CPTAC-3	C3N-03884	C3N-03884-01	Primary Tumor
de69e044-c122-40ef-afe8-20f7415674d2	3b8f9519-dd16-4837-a7c2-da55809a9836.FPKM.txt.gz	Transcriptome Profiling	Gene Expression Quantification	CPTAC-3	C3L-07035	C3L-07035-01	Solid Tissue Normal
b6111293-1d12-4545-8f6a-8d7362be6a58	593dc70c-3f54-4ef7-8f7d-f4533c7c6cab.FPKM.txt.gz	Transcriptome Profiling	Gene Expression Quantification	CPTAC-3	C3N-02944	C3N-02944-01	Primary Tumor
093086a4-507a-49d5-93e7-542217bc699e	781370b7-6802-4efd-bccc-65b9e25950ad.FPKM.txt.gz	Transcriptome Profiling	Gene Expression Quantification	CPTAC-3	C3L-02606, C3L-02606	C3L-02606-01, C3L-02606-02	Primary Tumor, Primary Tumor
58ee2174-1366-4e28-8856-0c62748cac19	7c9ae816-a728-4932-9d36-a14e474667ce.FPKM.txt.gz	Transcriptome Profiling	Gene Expression Quantification	CPTAC-3	C3L-01971	C3L-01971-02	Primary Tumor
2444340b-0d75-48fa-8f41-b332c2473653	21fc7227-cd90-492e-a1d9-68ddc483d31c.FPKM.txt.gz	Transcriptome Profiling	Gene Expression Quantification	CPTAC-3	C3N-01166, C3N-01166	C3N-01166-02, C3N-01166-01	Primary Tumor, Primary Tumor
bebed176-5fbf-44b6-be40-064935545096	a323f688-f004-4238-acaa-4b2b923d8d6f.FPKM.txt.gz	Transcriptome Profiling	Gene Expression Quantification	CPTAC-3	C3L-01662	C3L-01662-03	Primary Tumor
12ac1b48-5338-44f3-ad7f-ec1ed3c900d4	435a45bb-0d0d-46f2-ad68-1de4b53b3bba.FPKM.txt.gz	Transcriptome Profiling	Gene Expression Quantification	CPTAC-3	C3N-04283	C3N-04283-03	Primary Tumor
ef5fc3a5-a396-40df-bec7-5862dbf03de9	d3f5e971-5dca-486b-834f-1dc84bfd0978.FPKM.txt.gz	Transcriptome Profiling	Gene Expression Quantification	CPTAC-3	C3N-01381, C3N-01381	C3N-01381-02, C3N-01381-01	Primary Tumor, Primary Tumor
772eefbc-9374-44d5-ac95-b362ad1edd38	3d7ab9c3-6556-43f4-ad1a-b2f1b03bb01f.FPKM.txt.gz	Transcriptome Profiling	Gene Expression Quantification	CPTAC-3	C3N-01383, C3N-01383	C3N-01383-01, C3N-01383-03	Primary Tumor, Primary Tumor
7bacadeb-1c6e-48bc-99f2-cd81a027d1d3	425fc7d2-4577-4d39-800d-79ef56034a5a.FPKM.txt.gz	Transcriptome Profiling	Gene Expression Quantification	CPTAC-3	C3L-03513	C3L-03513-01	Solid Tissue Normal
485b9f05-f8e8-437d-b80f-f7219b815c3d	1812aa97-bd9b-4571-b889-7790515ea24b.FPKM.txt.gz	Transcriptome Profiling	Gene Expression Quantification	CPTAC-3	C3N-02768	C3N-02768-03	Solid Tissue Normal
d6405c4c-8915-41a2-9468-adbed64d7c6a	98086a8f-158b-496d-be94-53369ae348fe.FPKM.txt.gz	Transcriptome Profiling	Gene Expression Quantification	CPTAC-3	C3L-02112	C3L-02112-04	Solid Tissue Normal
d08cec06-17c6-49ea-a8a2-805cfe603276	a0c7118c-08cc-471e-aaf0-c4384b3ccd73.FPKM.txt.gz	Transcriptome Profiling	Gene Expression Quantification	CPTAC-3	C3L-04495, C3L-04495, C3L-04495	C3L-04495-01, C3L-04495-02, C3L-04495-03	Primary Tumor, Primary Tumor, Primary Tumor
bd0d0749-b36c-4fc2-b863-a175a11d66b6	1bd59d41-5ad9-4580-a5ff-04385c4ea252.FPKM.txt.gz	Transcriptome Profiling	Gene Expression Quantification	CPTAC-3	C3N-03666	C3N-03666-01	Primary Tumor
597e1b6b-277a-4bf6-bc37-900af8331af8	7ca8cca4-bca7-4459-a45c-ac78bef3d94e.FPKM.txt.gz	Transcriptome Profiling	Gene Expression Quantification	CPTAC-3	C3L-02809	C3L-02809-04	Primary Tumor
37c9794f-b88b-4c47-b66b-7e00228120ed	e1a8caf0-734d-4227-8d96-dba0f60ddd6f.FPKM.txt.gz	Transcriptome Profiling	Gene Expression Quantification	CPTAC-3	C3N-01997, C3N-01997	C3N-01997-03, C3N-01997-02	Primary Tumor, Primary Tumor
e9425048-98c2-4067-9893-63e6ee098542	5cd11bbb-c4ac-4eee-a828-495c11f8090f.FPKM.txt.gz	Transcriptome Profiling	Gene Expression Quantification	CPTAC-3	C3N-03173	C3N-03173-01	Primary Tumor
b6134141-56b0-4dd4-8140-d981642789dd	94329d26-2280-44d4-b46b-e4772bd46cf7.FPKM.txt.gz	Transcriptome Profiling	Gene Expression Quantification	CPTAC-3	C3N-01715	C3N-01715-02	Primary Tumor
a6f10d2a-65de-49b1-a10c-3434d443bfe6	e220f05d-0551-4ea9-bd30-e1036ab49dfb.FPKM.txt.gz	Transcriptome Profiling	Gene Expression Quantification	CPTAC-3	C3L-07033	C3L-07033-01	Solid Tissue Normal
4f3f3c80-801b-41b7-acff-ab5a87ce979a	684c0492-62d0-45bc-83ae-d61ad66887e1.FPKM.txt.gz	Transcriptome Profiling	Gene Expression Quantification	CPTAC-3	C3N-03840, C3N-03840	C3N-03840-01, C3N-03840-02	Primary Tumor, Primary Tumor
d3bba3a5-cc10-45b8-8973-819f400dfb34	813c7ed0-1b3c-421b-966e-9da31d1b4dd6.FPKM.txt.gz	Transcriptome Profiling	Gene Expression Quantification	CPTAC-3	C3L-00622	C3L-00622-04	Solid Tissue Normal
2555bc6e-cd65-4bb5-90c6-1ba43215664a	cb8c4f89-609b-4bf1-8c4a-d809a6e85cc5.FPKM.txt.gz	Transcriptome Profiling	Gene Expression Quantification	CPTAC-3	C3N-03440	C3N-03440-04	Solid Tissue Normal
c3ade0e9-b351-4079-a1b6-6d04d5f69eb1	9ba86377-df7a-42e2-96f2-5dd694308d63.FPKM.txt.gz	Transcriptome Profiling	Gene Expression Quantification	CPTAC-3	C3N-01011	C3N-01011-02	Primary Tumor
97d9224a-643e-4e94-8ce0-4303c54ef5a8	26f8e65b-6900-4f24-9bc7-16f9349d3dc7.FPKM.txt.gz	Transcriptome Profiling	Gene Expression Quantification	CPTAC-3	C3L-03635, C3L-03635	C3L-03635-01, C3L-03635-02	Primary Tumor, Primary Tumor
eb0da502-ef90-4d2c-95e8-e171732a3b61	e9635949-32d6-4bdb-b285-fb5da5a73b50.FPKM.txt.gz	Transcriptome Profiling	Gene Expression Quantification	CPTAC-3	C3N-02010	C3N-02010-06	Solid Tissue Normal
64e0cdcc-5896-4b55-940f-f4df3d2e0b24	0d5eb3d3-731e-4a68-b3fe-c5453839aae4.FPKM.txt.gz	Transcriptome Profiling	Gene Expression Quantification	CPTAC-3	C3N-04282	C3N-04282-01	Primary Tumor
1d29ebda-7e61-4858-9b78-b690ff025c47	37b63776-24ed-4220-91b6-d440b939d75f.FPKM.txt.gz	Transcriptome Profiling	Gene Expression Quantification	CPTAC-3	C3L-00599, C3L-00599, C3L-00599	C3L-00599-01, C3L-00599-03, C3L-00599-02	Primary Tumor, Primary Tumor, Primary Tumor
5fb50cc0-41ad-4983-a80a-2605a583da12	4c6fa5e2-759b-4293-bbfa-10f06c91f060.FPKM.txt.gz	Transcriptome Profiling	Gene Expression Quantification	CPTAC-3	C3L-04027	C3L-04027-01	Primary Tumor
f27223b1-41a6-4430-a7e0-22b25162ca59	1d8f1778-2b85-461c-bf97-fb70b2a36942.FPKM.txt.gz	Transcriptome Profiling	Gene Expression Quantification	CPTAC-3	C3L-00589	C3L-00589-06	Solid Tissue Normal
c7638c4b-f5d1-4af3-b173-c306b1a0f638	14de26b3-7b73-4a84-b476-2b3dae2958ed.FPKM.txt.gz	Transcriptome Profiling	Gene Expression Quantification	CPTAC-3	C3L-03743	C3L-03743-01	Primary Tumor
aa431f3c-d62c-4320-868f-76f076cd071f	0a18d900-f88b-4f86-a9f4-cf751e3952ff.FPKM.txt.gz	Transcriptome Profiling	Gene Expression Quantification	CPTAC-3	C3L-01703	C3L-01703-04	Solid Tissue Normal
122768f8-9ffe-40e9-9cb5-acc2b0fc55b1	aa24b179-99e4-46e6-a425-1a95dc7d245a.FPKM.txt.gz	Transcriptome Profiling	Gene Expression Quantification	CPTAC-3	C3L-00589, C3L-00589	C3L-00589-02, C3L-00589-01	Primary Tumor, Primary Tumor
746ecdee-1ff2-4985-9507-f85c82314f91	d64f104b-b1b7-4952-812c-5f22ac5bf0a9.FPKM.txt.gz	Transcriptome Profiling	Gene Expression Quantification	CPTAC-3	C3L-01598	C3L-01598-02	Primary Tumor
73f26d06-d5df-4011-9086-697387e2bd8a	98da15c1-ec04-4523-94d4-960d4d5692cf.FPKM.txt.gz	Transcriptome Profiling	Gene Expression Quantification	CPTAC-3	C3N-03439	C3N-03439-02	Primary Tumor
5f4c80b4-81b4-4bc1-80ed-e466dab2247c	09c36c3c-46bf-4410-9e10-c1c33c32bada.FPKM.txt.gz	Transcriptome Profiling	Gene Expression Quantification	CPTAC-3	C3L-01687, C3L-01687, C3L-01687	C3L-01687-03, C3L-01687-02, C3L-01687-01	Primary Tumor, Primary Tumor, Primary Tumor
9e0b7599-5029-4ed9-9d5a-9fdee4c87ff6	6dcef9f3-426a-4934-a2db-1cf1101174a4.FPKM.txt.gz	Transcriptome Profiling	Gene Expression Quantification	CPTAC-3	C3L-02606	C3L-02606-04	Solid Tissue Normal
7512bc0b-4831-452b-8a70-4a1a6c7af88e	35e1f113-1e27-49cd-be17-2659363ea7e5.FPKM.txt.gz	Transcriptome Profiling	Gene Expression Quantification	CPTAC-3	C3N-01380, C3N-01380	C3N-01380-01, C3N-01380-03	Primary Tumor, Primary Tumor
b7121e0a-c67d-4263-b447-85b45935f900	c12af7a3-d3e0-42c0-a11c-e1d77c178e3c.FPKM.txt.gz	Transcriptome Profiling	Gene Expression Quantification	CPTAC-3	C3N-03670	C3N-03670-01	Primary Tumor
91362fd2-9830-48cd-9e1c-7d6ca1fc5153	d9c99cb0-c9bd-4b59-9b2c-b661ff7c5878.FPKM.txt.gz	Transcriptome Profiling	Gene Expression Quantification	CPTAC-3	C3L-04027	C3L-04027-07	Solid Tissue Normal
6886e10a-9cb5-4770-9a74-78cb31eabb26	803ce700-d8fc-4239-8e83-07a90d8bed9f.FPKM.txt.gz	Transcriptome Profiling	Gene Expression Quantification	CPTAC-3	C3N-04284	C3N-04284-01	Primary Tumor
18218477-04b3-4ea5-8ef0-a233010b9d12	847f11b8-5d29-4142-8b24-74ba8e9ff9de.FPKM.txt.gz	Transcriptome Profiling	Gene Expression Quantification	CPTAC-3	C3L-03394	C3L-03394-03	Primary Tumor
a1e7b66a-51c7-4d64-8b1a-bdaba1ac6c75	607c8250-8646-4bca-be03-5319fcca4d5c.FPKM.txt.gz	Transcriptome Profiling	Gene Expression Quantification	CPTAC-3	C3N-00511	C3N-00511-03	Primary Tumor
cd12b78b-cdf6-4a6a-8d76-f37add9ef87e	29c93ad0-1b42-4954-8fdd-ff8fa7c09f25.FPKM.txt.gz	Transcriptome Profiling	Gene Expression Quantification	CPTAC-3	C3L-04853, C3L-04853	C3L-04853-01, C3L-04853-02	Primary Tumor, Primary Tumor
fafcd6e7-41db-4ec4-a900-51ee981acdcd	560d5256-6587-45d3-b79e-4aa602a1de12.FPKM.txt.gz	Transcriptome Profiling	Gene Expression Quantification	CPTAC-3	C3L-02115, C3L-02115	C3L-02115-02, C3L-02115-03	Primary Tumor, Primary Tumor
bb79ad54-5b8c-41e0-8694-104b4e3e1fc7	ef6dfbce-b8d4-447b-a2c8-61d3f2df037a.FPKM.txt.gz	Transcriptome Profiling	Gene Expression Quantification	CPTAC-3	C3L-03743	C3L-03743-04	Solid Tissue Normal
09bf8533-17e7-41c2-82ea-cfc6e8efdd22	cad9fdb7-a9b0-4718-bb7b-efe38659ca3d.FPKM.txt.gz	Transcriptome Profiling	Gene Expression Quantification	CPTAC-3	C3N-00512, C3N-00512	C3N-00512-01, C3N-00512-02	Primary Tumor, Primary Tumor
602cde1b-fbed-46a6-ac95-81bc1f01f81a	af85baf7-7abc-4b5e-8aec-008fc29a7e5b.FPKM.txt.gz	Transcriptome Profiling	Gene Expression Quantification	CPTAC-3	C3N-01388	C3N-01388-03	Primary Tumor
85fed402-4df5-4827-80ae-c30ff3970e35	214cb102-2d67-4382-afa5-e2d0c2d08f4f.FPKM.txt.gz	Transcriptome Profiling	Gene Expression Quantification	CPTAC-3	C3N-03086	C3N-03086-02	Primary Tumor
63e12499-7890-4ce5-b503-f27776fd3570	75dcab9d-7faa-4cfd-b77d-3a3cc66ebb4a.FPKM.txt.gz	Transcriptome Profiling	Gene Expression Quantification	CPTAC-3	C3L-02613, C3L-02613	C3L-02613-02, C3L-02613-03	Primary Tumor, Primary Tumor
a1503a8c-be95-4ce3-81dc-46f3271a88b7	b76d5d58-dc8e-4a25-acb0-6c6b939b1add.FPKM.txt.gz	Transcriptome Profiling	Gene Expression Quantification	CPTAC-3	C3L-03630, C3L-03630	C3L-03630-03, C3L-03630-02	Primary Tumor, Primary Tumor
838752a8-384f-4f47-b2a9-f28be4e5094b	b4687bbb-57bd-472e-8308-61dc7b8eab2f.FPKM.txt.gz	Transcriptome Profiling	Gene Expression Quantification	CPTAC-3	C3L-01054	C3L-01054-04	Primary Tumor
44653d12-1b4c-42be-8c9c-47b7267af789	b21b2857-b4f5-4627-8fc6-789a990d702c.FPKM.txt.gz	Transcriptome Profiling	Gene Expression Quantification	CPTAC-3	C3L-01453	C3L-01453-04	Solid Tissue Normal
37038e55-bdc2-4165-bd84-a8302c57279b	430a1276-c1b8-429f-b2fb-6984ad4bc8b3.FPKM.txt.gz	Transcriptome Profiling	Gene Expression Quantification	CPTAC-3	C3L-00640	C3L-00640-06	Solid Tissue Normal
4ef2da29-9bd6-44ab-afb6-d163349340db	5c5d6292-a3fa-46b1-a50f-1cbaa4329c55.FPKM.txt.gz	Transcriptome Profiling	Gene Expression Quantification	CPTAC-3	C3L-04475	C3L-04475-04	Solid Tissue Normal
3fb47db3-e21e-464a-907e-40392612309f	1db5b60f-bd25-4160-a8bf-34a7e0fd7fcb.FPKM.txt.gz	Transcriptome Profiling	Gene Expression Quantification	CPTAC-3	C3N-02585, C3N-02585	C3N-02585-02, C3N-02585-01	Primary Tumor, Primary Tumor
29239caf-8c9b-4b5a-940d-d3c48057fb31	e0e07b12-1981-4d9a-bdea-9752b53878c1.FPKM.txt.gz	Transcriptome Profiling	Gene Expression Quantification	CPTAC-3	C3L-02701	C3L-02701-02	Primary Tumor
abfa9897-d8e4-4312-8121-4ffb05528b67	6349d746-1470-4044-a70f-d14b6d59d749.FPKM.txt.gz	Transcriptome Profiling	Gene Expression Quantification	CPTAC-3	C3N-01716	C3N-01716-03	Primary Tumor
1d46367f-73c0-4530-970f-4b422c890fdd	baf9f410-063e-414e-992b-a7cd324467bc.FPKM.txt.gz	Transcriptome Profiling	Gene Expression Quantification	CPTAC-3	C3L-00625, C3L-00625	C3L-00625-02, C3L-00625-03	Primary Tumor, Primary Tumor
9bdb79f5-f5a7-42b3-9927-f717e12ccc03	5cf121a5-9af6-44cf-afc9-463e28edf8eb.FPKM.txt.gz	Transcriptome Profiling	Gene Expression Quantification	CPTAC-3	C3N-00516, C3N-00516	C3N-00516-01, C3N-00516-02	Primary Tumor, Primary Tumor
623b26d9-0f5f-4ccb-9624-936ba9ccfd36	921feeed-f2fd-4fa8-82c3-1ea9b688e94e.FPKM.txt.gz	Transcriptome Profiling	Gene Expression Quantification	CPTAC-3	C3L-02604	C3L-02604-01	Primary Tumor
ae1aa2b0-4981-41b9-b402-d521737c5345	4421584b-e9b3-4e00-8cf6-210c38301cfa.FPKM.txt.gz	Transcriptome Profiling	Gene Expression Quantification	CPTAC-3	C3L-04473	C3L-04473-01	Primary Tumor
09550eb6-6572-455c-8427-4c1d88e8d136	f793480f-38aa-4a03-9625-060a25fd3c46.FPKM.txt.gz	Transcriptome Profiling	Gene Expression Quantification	CPTAC-3	C3L-01689, C3L-01689	C3L-01689-02, C3L-01689-03	Primary Tumor, Primary Tumor
80fd1556-3762-4acf-b95b-5f0b50276253	6686949a-1235-4259-9364-a73079211ebe.FPKM.txt.gz	Transcriptome Profiling	Gene Expression Quantification	CPTAC-3	C3L-00819	C3L-00819-01	Primary Tumor
9324770a-73b6-4538-9278-6a548dc9902c	8752b8a3-8fd5-4b0f-a5c1-d6269b5013b1.FPKM.txt.gz	Transcriptome Profiling	Gene Expression Quantification	CPTAC-3	C3L-04475, C3L-04475	C3L-04475-02, C3L-04475-01	Primary Tumor, Primary Tumor
44b0414f-f591-4289-babb-1a6746ed0a8a	e5cfe1c3-6211-479e-923b-f23c611bd0aa.FPKM.txt.gz	Transcriptome Profiling	Gene Expression Quantification	CPTAC-3	C3L-04848, C3L-04848	C3L-04848-03, C3L-04848-01	Primary Tumor, Primary Tumor
e59d4a9e-23fe-4b8b-8777-beb6624dd161	63762670-faa7-44ac-9cfb-3f332d6a274a.FPKM.txt.gz	Transcriptome Profiling	Gene Expression Quantification	CPTAC-3	C3L-02109, C3L-02109	C3L-02109-02, C3L-02109-03	Primary Tumor, Primary Tumor
4662d852-af24-4565-8016-823e27dcbad1	d42ea895-9af8-4747-bf5b-e66b173aa761.FPKM.txt.gz	Transcriptome Profiling	Gene Expression Quantification	CPTAC-3	C3N-00517	C3N-00517-05	Solid Tissue Normal
